piece_id,melody_kor_corr_64,bass_kor_corr_64,ratio_kor_corr_64,melody_ioi_corr,acc_ioi_corr,cloud_diameter_corr,cloud_momentum_corr,tensile_strain_corr,dyn_corr
Blues_01,0.0767336940506039,0.104299461041003,0.105896917257991,0.0428437265649381,-0.1031467156140252,0.4913773548563809,-0.0225185984219427,0.0631760170844992,0.1826226067191024
Blues_02,0.0116809485345396,0.3680638309418534,-0.0061167264307408,-0.0443969807766765,0.2244874378626882,0.8135195262878089,-0.5162996896336335,-0.1770973871590349,0.099906918414536
Blues_03,0.0183653390504915,0.1114666496154355,0.019713258810822,-0.0675682842202487,0.1018709273064399,0.4836724843851583,0.1113374317493037,0.3024640924263155,-0.0468583672965608
Blues_04,0.0863082024090081,0.1626440359317408,0.1104607717192269,0.098671101403848,-0.0722558952384354,0.591078498785926,0.0625040146089009,-0.0448230972155463,0.2102914369608669
Blues_05,0.0200362753822034,0.0510301399824426,0.0819310405764521,0.0521527097783198,-0.0661146805827726,0.8385872301208142,0.3914401282295217,0.6421224321965814,0.5513512030482418
Blues_06,0.1572453127181626,-0.0051261105045638,0.1622175509284634,0.1464667341915445,-0.0943249809666739,0.4297402345435199,0.0977751263230218,0.2700919566694916,0.3398370967841577
Blues_07,0.137105478184273,0.0928265818711999,0.0005541640885097,0.1157494261796039,-0.0399868098665719,0.6131328300624201,0.2495829053197878,0.2651520465561641,0.117757381890134
Blues_08,0.3649444384564237,0.0946073709607551,0.4239611597354284,0.0768222837863281,0.1241176844082711,0.4216631337188586,0.159815075502595,0.2205658049902924,0.5251517477405044
Blues_09,0.0773118932431995,0.1946892837059883,0.1236778666505198,-0.0111414293010233,0.1245547262261318,0.6805796316255922,0.1513230168142183,0.3066903373475556,0.0652925356761945
Blues_10,0.1534949839069494,-0.0057882097957929,0.0225944891406999,0.0510832764359313,0.107381713521254,0.5950616460874666,0.1391622230249215,0.098696933193355,0.3657140258522938
Classical_01,0.0788823615869724,0.1421976815407377,0.0986235380737922,0.0891948885153936,0.3079740513128688,0.7501999336415146,0.097161568557379,0.1556459480882534,0.1091161400149529
Classical_02,0.0846311807602936,0.0276983383116027,0.2407408604633413,-0.1275280421287183,-0.0648265910063716,0.8249160360917415,0.2172970602975608,0.5892230521378177,0.4253911124519611
Classical_03,0.5452686642095165,0.724697578429216,0.1142074975838388,0.0158075081584176,0.1235773448334349,0.7144319606860474,0.2775200839606252,0.3981893284291327,0.1313917149480115
Classical_04,0.0446891825736082,0.2461003078997375,0.0221653751990021,0.2672773257573411,0.2405871956415521,0.3752484012124471,0.0991019783162584,0.0608991942414521,0.3249334437854154
Classical_05,0.1598623198133675,0.1660039380956099,0.1435065906412084,0.0552251681842706,0.1418239639767261,0.2719934684547114,0.1118245019030658,0.1026105369533772,0.0192710470500884
Classical_06,0.1151776926539038,-0.0249552650259778,0.040575301348098,-0.0464816051798357,0.076502471255706,0.4113363633967572,0.1211542813200413,0.407204188913974,0.274042016410904
Classical_07,0.3439503440583056,-0.0207147174925654,0.3257332933841554,-0.0117371731132739,0.1502206445528404,0.5506831958798779,0.1500243215286211,-0.4797820649919432,0.8486153426656614
Classical_08,0.0812497563003907,0.0516918951959877,0.1310649327348814,0.1413089101945841,0.1264386762689293,0.4573191756157138,0.1394655476965356,0.6331896952642818,0.3112526779406714
Classical_09,0.0756662456058701,0.020463095965963,0.0836239883483202,0.0549053138259495,-0.0078621787611399,0.7813160099543783,0.0802552219891674,0.1250300620290843,0.3320876905981373
Classical_10,0.227725772614622,0.1210001663327291,0.2241142429715402,0.0345883755745463,-0.086746536667127,0.5068601277860861,0.2737564911921769,0.4977304852307082,0.3607542703066591
Country_01,0.0522709220880863,0.0363333673252325,0.0547196670725672,-0.0529249908062482,0.0840353285011401,0.6081126148429085,0.1057132457454579,0.3729579721130169,0.0942688454027672
Country_02,0.2750866961975939,0.0845282282691643,0.1765348423420815,0.1499693631284246,0.3761773757225743,0.756457800583654,0.1833568741599212,0.1704812684534642,0.136022703931106
Country_03,0.0421620807547432,0.2146842730722618,0.031770441495723,0.0225761042506401,0.3860019285618229,0.6561042696157309,0.0458466053630978,0.0364622193678748,0.1049361180693025
Country_04,0.0823658136120761,0.0224612090973857,-0.0062500483336156,0.0755178306815786,0.0912497725859815,0.6347876834333455,0.1525907704189691,0.1098604752164625,-0.0318807644735304
Country_05,0.3274215237327965,0.0632224680723158,-0.1644340853857732,0.1652461861860964,0.287662528467987,0.2458383318421703,0.0945242378449737,0.0854196872034319,0.1468835414314219
Country_06,0.1492522093111034,0.0671985941999227,0.3792094950867376,0.0716184022453819,0.3716862443224555,0.3952920492191482,0.0884247174812172,0.2496365884474555,0.5191493307005072
Country_07,0.2078303326044842,-0.0232027301931896,-0.0490340205855612,0.0569563347475034,0.1701648769530396,0.8730030853484968,0.2523633980998191,0.2778323867349057,0.3544901965785711
Country_08,0.0270116139432128,0.0291402388942126,0.0372677192051164,0.090999005505189,0.1839529453646722,0.730442077993243,0.3472605228938524,0.4383193585358853,0.5998075460632226
Country_09,0.1754604022397811,0.0262178796193484,0.1474130725993405,-0.0550278075863075,0.1014921092295193,0.771252514124256,-0.6439729180160032,-0.548847141848403,0.4192202974315975
Country_10,0.2951435955870518,0.0428936385986492,0.2889731221341334,0.1064618503022068,0.227706623330191,0.5248343732195762,0.2028677650706806,0.1911541220857972,0.146237936421243
Folk_01,0.4492999309362802,0.0727147414581449,-0.5168140654008714,0.1206385764413793,0.2521119477719668,0.629406658129289,0.0860746263480529,0.1264111119903901,0.0303679659569622
Folk_02,0.3433927061424282,0.096472050376277,0.2442168940750239,-0.057760833380856,0.0651082377952281,0.4037668632480015,0.1148368413091109,0.580355662523901,-0.046038461304904
Folk_03,0.4312104039843895,-0.0140920687872145,0.3229473104432419,0.3083141965628352,0.338845218811393,0.6838236305399518,0.1221944859150027,0.5866118161103732,0.2777297840634245
Folk_04,0.0433904635454178,-0.0031266184485772,0.0481595372388059,-0.0242657103532072,-0.1190657776620868,0.481005281757567,0.1066971319217268,0.4929996860991942,0.1421899875861866
Folk_05,-0.0025587447347756,0.2479289098606074,0.0805860527301689,0.2397478677440239,0.1484484860169855,0.8578541380220568,0.2402885563940596,0.3695558632203249,0.535064977689187
Folk_06,0.0175898234440806,0.0384611317509805,0.0348099218000277,0.292953042925067,0.4181172686812069,0.7316784606759927,0.223028809048285,0.4294215716351958,0.2928919771928556
Folk_07,0.1642100538690547,0.0368746544086754,0.2537710810049641,0.0333400680176237,0.1702593302359183,0.7646247253867464,0.2198999715561875,0.2961608928211114,0.2864011426617169
Folk_08,0.0087771289467506,-0.0940467281201189,0.0191442032130376,-0.0552790382687367,-0.0685363623028077,0.3205234028623496,0.006517213200523,0.3493602083237241,0.0889046122454357
Folk_09,0.087953427760513,0.2162194027519525,0.0946042348471247,0.066775486205423,0.0443682646062241,0.6284192924553316,0.2702857220509437,0.4449706473846482,0.3505694387246114
Folk_10,0.1096722755843206,0.316701794288775,0.0152904859338635,0.0498010113538845,-0.1224576032472206,0.5894942532656292,0.1273269759466307,0.1426873992226979,-0.0004873562967606
Jazz_01,0.434873772193149,0.1747206921990965,-0.3726983566441297,0.0375253711344348,0.270743295717446,0.5311362819566047,0.074579346902387,0.3149968482785411,0.4865208921235711
Jazz_02,0.1653138332896276,0.1136388933781237,0.1627458498816351,0.0857633819776899,0.1901853496002377,0.6695417295093317,0.140261895779198,0.2343530034216386,0.2543980784930695
Jazz_03,0.0171304147575651,0.159993638976121,0.0347614295812839,0.1093347918350124,0.0484703502949616,0.4254095728586104,0.1473040816135252,0.5058773053961759,0.126262873233913
Jazz_04,0.0853095041581778,0.1334651283786328,0.0505953257565874,0.0730990334889733,0.0105627618193792,0.3481723896016745,0.1015000573076996,-0.3385272051825942,0.3594243958447825
Jazz_05,0.1819460019465731,0.2109772898113401,0.0832118669371593,0.0337631830143732,0.0712302645573005,0.63341860369546,-0.1476048544157499,0.1634218902705019,0.4283271314036336
Jazz_06,0.0617489872329531,0.0305787621079969,0.0734098534113917,0.0047120437300026,0.1284249987988788,0.6926965870483889,0.1346456126937274,-0.4538829519608646,0.3566412902613437
Jazz_07,0.0537127016769598,0.0266851494219653,0.0353797218732564,0.1936326170284281,-0.0976309894268212,0.5796805100745721,0.1566515997339207,0.3236487304931679,0.2858007903867176
Jazz_08,0.2648003050672068,0.0470119969073815,0.3651230459284781,0.0442361674405554,0.1198005427723387,0.7084859252770802,-0.1545133352081888,-0.1018975225292046,0.3919519052872237
Jazz_09,0.149763231059048,0.0435142783791705,0.124549807555072,0.0100061292577228,-0.0889887950022134,0.2834727232271516,0.1168847976054631,0.0896035632517991,-0.0069251442481974
Jazz_10,0.4836228318648779,0.0803331958395993,0.5630435000371398,0.2573070038435923,-0.0639213034124409,0.8258200624333082,-0.7811146097804909,0.3325567898666022,0.4478849079242809
Latin_01,0.2695099507439643,0.1107594282491989,0.2400499482963085,-0.4748593507440916,0.1970454117468271,0.3557860548184784,0.1563784015681749,0.3322274301808083,0.244641385219868
Latin_02,0.2702702859022443,0.0628397735206054,0.3182320021183575,0.1309715036583385,0.2735897740865122,0.8758915159914289,0.4538150520075792,0.2540384924706869,0.2558132698233368
Latin_03,0.1186770849584786,0.0577574496957326,0.0889435427236075,0.0517226955199889,0.0808451620366431,0.3615819482937075,0.1336999701250416,-0.2237111746590859,0.2628209727534432
Latin_04,0.0324056225279654,0.2810426562229577,-0.0009423867377926,0.1265809171766323,0.0967679321200962,0.733021518884058,0.6799616899748417,0.953116724387416,0.0002333821035169
Latin_05,0.1760531338516305,0.0211491874082215,0.1406683687365067,0.3033941247402779,0.1755400241889645,0.8309519674417312,0.3695517422212242,0.1848488409852767,0.518272346260405
Latin_06,0.1508752817657296,0.2597932870611884,0.1419461972691338,0.3864059387252469,0.2987755664699462,0.6993135497050063,0.1699825844409727,0.24505959534163,0.0794211225085191
Latin_07,0.1513747933264154,-0.0055495115584162,0.2763909806702074,0.0973828039766917,-0.011248631115432,0.5955996981593761,0.1679336597799477,0.3947529578004652,0.3709650808915303
Latin_08,0.4162013701735562,0.3656117476793599,0.4749134342280627,0.0247657681831145,0.2818274950150855,0.6257281064838806,0.1325487898810904,0.2204045576028583,0.0505500874403837
Latin_09,0.3907744635647793,0.1253554619622694,0.2097001999146782,0.3961191795446434,0.1941801748404142,0.4183741163721058,0.0927695015856331,0.3224013053373328,0.0591954495166859
Latin_10,0.0648589692642721,-0.0465233096214659,0.0297532919607843,0.1931707582518112,0.1123289226084292,0.7889955433519363,0.3749247423924331,0.6833136684405113,0.2531279329076328
Pop_01,0.1143867637576171,0.1496152289844015,0.222036697891057,-0.0319842177712698,0.2520112050936441,0.5710870177848214,0.235286184769919,0.238608366807917,0.6618598917003191
Pop_02,0.212855975494287,0.2170365754342515,-0.0791704948912674,0.0098547112287147,0.1260604307571542,0.5826218256451282,0.0834556373159171,0.6606804283302424,0.426834994192666
Pop_03,0.1064845528966669,0.0072939458807873,0.1301439444415624,0.0228282789966755,-0.0736580872890648,0.4913017682474382,0.1253113207989094,0.3276516460339329,0.1035473816655754
Pop_04,0.2342206818949637,0.2119327958236272,0.314571989978726,-0.0140033090169383,-0.0453640694597109,0.5611895397927661,0.1446295468363239,0.1603742059969813,0.5094799237632861
Pop_05,0.0352621905714737,0.0993473248411623,-0.0402448962399117,-0.0837518120756129,0.3959348832403854,0.3683753236723713,0.1110420643370885,0.1345471838682961,0.1357322110630189
Pop_06,0.1312084469784751,0.0874357361635392,0.1322782412680121,0.0971282660956314,0.1303652338232863,0.6426946152418717,0.0505676705204263,0.2411718163756957,0.2729733090200361
Pop_07,0.1860913261388696,0.0329784603830613,0.2494827481566577,0.2015238609586832,0.3146514495645225,0.6051496288518065,0.0993219500850732,0.1169041129150437,0.5186907101104709
Pop_08,0.3811255235008725,0.127924356748013,0.3010113834146499,0.3758063183522055,0.5368351243378289,0.5800500840392593,0.079027447643034,0.3032308171335269,0.2511289493424489
Pop_09,0.2078989366350251,0.1909181536466135,0.3047198136280376,-0.0423081031602645,-0.0122826424590976,0.6765734472110045,0.1603562391063323,0.2738868210584622,0.2261745990320232
Pop_10,0.4933609624346773,0.5986924625817603,0.2806616539341611,-0.0516601348812767,0.0983735283628073,0.4341738303944221,0.2018291430836842,0.196648408647321,0.7438309323213695
Rock_01,0.0836039887919106,0.3344336734552006,0.0355718972325735,0.0113285189130718,0.2062337638943228,0.685532698509315,0.2126261972381639,0.8001110266920414,0.0290054461273152
Rock_02,0.2100419584879062,-0.0516916825368772,0.0954938635460605,0.1244065621140058,0.0101451243898711,0.8879233532128834,0.6064606526671706,0.8023777554088254,-0.0189302177725385
Rock_03,-0.005583699860369,0.0499446509645404,-0.0112794445931813,0.0912952980742352,0.5916020669484596,0.9811322388814934,0.8714919514753967,0.9039242053021388,0.364665055709554
Rock_04,0.0923997043203373,-0.0274470298111013,0.1184237651431379,0.1787615856935651,-0.2588053515140339,0.6833026290682036,0.2598274620513779,0.3880488463774394,0.1008922619748888
Rock_05,0.1307382471457288,-0.0278585590650282,0.1684829099571153,0.1312820823467043,0.1307499319711246,0.2542348044349406,0.1057934085390318,0.1540234883888808,0.21583416531682
Rock_06,0.036675463698698,0.1185782776774226,0.0249380820065368,-0.0566560493755028,-0.0345675893053238,0.8804710283089093,0.6343569651617535,0.8159923591055032,0.0553913491998533
Rock_07,-0.0363328297163369,0.092910100075197,0.0319028339773515,0.1274892427927604,0.2484790120905797,0.3194471888238829,0.1043677747730178,0.485580454847321,0.1739486531137237
Rock_08,0.554827007309172,0.5244894180678186,0.5599381822443877,0.0933383846903701,0.1474045612270456,0.2583939987963902,0.1091699326841891,0.0418246294196034,0.195577574372095
Rock_09,0.4400285753345851,0.0757473839433551,0.3363427418683052,0.1726114432687835,0.0403986117955504,0.533660347617592,0.2120371099882926,0.373911737065828,0.1770662912007368
Rock_10,0.6622079968740361,0.497617357671037,0.6247805983629825,0.0913275460011816,0.4056541272581261,0.3589124247096936,0.2200311466391389,-0.0365392181139474,0.2844079298605976
Soul_01,-0.0418643059517737,0.0006053182545017,0.0495268089717964,-0.4808776558177198,0.3544512838937304,0.723407005571487,0.2120287378462732,0.0908539562121764,-0.060197643427548
Soul_02,0.2155287183960738,0.2362743884055259,0.0745958247327757,0.1047798831622467,0.2860905310611977,-0.1041518548426555,0.0774165518492202,0.1761460215077355,-0.0103709706682264
Soul_03,-0.0105643986753822,0.0192600327968502,0.0158804065971325,-0.0469582858101833,-0.0565394774629308,0.5145899459870727,0.1225480833088391,0.31407063276655,0.2646867825130013
Soul_04,0.3952912198653144,-0.0080043149827469,0.1021510773704053,-0.0325398457350769,0.1718403550572025,0.3118492969867264,0.0850674715541464,-0.0689042830499141,0.1598637800279712
Soul_05,0.2629676821973028,0.3594946881289834,0.3674188451933932,0.2635058827998193,0.1556320100223409,0.4464919208917042,0.0935779527045382,0.1123679520338169,0.4014163122098864
Soul_06,0.815554470613025,0.162707362824958,0.8615018347289022,0.0677961343380031,0.0093382753442878,0.927286075003669,0.7522634013916372,0.991356263264076,0.7670132201408538
Soul_07,0.1541525671841748,0.0180193050923731,0.0022143439135225,-0.0780978954399331,0.056845535478029,0.2313034789536759,0.1485251940114087,0.137009125170437,0.2946489521424825
Soul_08,0.2408069527247599,0.0503591351036443,0.5285718387849987,0.1526300493815562,0.1257586884494673,0.846225066349382,-0.3292879279103387,-0.0968813918064707,0.4396473507112968
Soul_09,0.0109572449871856,0.0163626238740511,-0.0137290175338482,-0.1053121108012383,-0.1282557229207104,0.6569741843723939,-0.0587834253367572,0.2012751667018746,-0.1193485255725231
Soul_10,0.0731641835105685,-0.0090660664611787,0.1312165826615641,0.0919912423082344,-0.1261996502019234,0.3203011565749796,0.1227771895662529,0.0235599077201549,-0.0214289764221397
World_01,0.3042431469507056,0.0484611232023547,0.3860523030055695,0.2957734862160551,0.2279733360418011,0.8544718298720769,0.2622862908662172,0.3677496724682718,0.0561812330347957
World_02,-0.0045980978413271,0.0246130816387407,0.0556181896233389,-0.0692916025124705,-0.0526153143505836,0.484168897234237,0.1382909474517313,0.6483263738141377,0.0610152121791804
World_03,0.255424328119235,0.0784214882219174,0.239697476061356,-0.032665956596247,0.1347818716146263,0.4459343916305021,0.1915440858138694,-0.1972191629442803,0.5388791094235162
World_04,0.1369663769831955,0.0872523943493235,0.1759750020263155,0.0562885963505995,0.1566832601008451,0.3722555606678873,0.1315089075108049,-0.1987072685811344,0.2309954444258756
World_05,0.039733934646622,0.0315062013562556,0.0416930984602845,0.0262426658256106,0.3454829107856959,0.5859805647614134,0.0506360903148177,0.3336748002112736,0.1529316994893483
World_06,0.1718601717663784,-0.0251563520493568,0.0488143375183567,-0.2332275851498688,0.2802964957369213,0.4041458712947349,0.1507051295127573,0.1573888457903219,0.0649881310040796
World_07,-0.0337342377860955,0.0099490561487817,-0.0145960058731864,0.2364678064816114,0.169451506863712,0.3984819626260213,0.5560108995896292,-0.1263924934182481,0.2219142021308316
World_08,0.4536080458530394,0.03068764970693,0.3624921877833338,0.0950437787122994,-0.0397051099797283,0.2445092597934646,0.1623863068158456,0.3528867235717053,0.0680200621383867
World_09,0.0023476289147561,0.1478058004670163,0.1984417329910683,0.132074691537835,0.040010026566088,0.4101766736967408,0.0811254493558504,0.2398785146073133,0.3849666218699956
World_10,0.4212348484012143,0.4596596321057312,0.5576557755620121,0.0024853240398424,0.4446513321060629,0.3153372407701703,0.0525563903415843,0.0243062234346418,0.2623181192311781
