model,polyphony,dynamics,midiset,audioset,piece_id,melody_kor_corr_64,bass_kor_corr_64,ratio_kor_corr_64,melody_ioi_corr,acc_ioi_corr,cloud_diameter_corr,cloud_momentum_corr,tensile_strain_corr,dyn_corr
OaF,1,0,random,disklavier,RANDOM_P01_D0,0.7388507874123491,,,0.7185508043526774,0.4914082059481942,0.6420904537379348,0.4049499319594224,0.6419204794581038,-0.1574154494579641
OaF,1,1,random,disklavier,RANDOM_P01_D1,0.7058701413563748,,,0.7311921197705152,0.6228581429297746,0.7427961995996545,0.4953737789287029,-0.6388382020812765,0.1909770054328629
OaF,1,2,random,disklavier,RANDOM_P01_D2,0.0348636142165834,,,0.6512887164798937,0.3902916496555367,0.700935449674072,0.4208440649629359,0.3298873587872546,0.1049406536662976
OaF,2,0,random,disklavier,RANDOM_P02_D0,0.2189418547085863,-0.2172312056142317,0.2443690521612278,0.3867063107632092,0.6700290948772274,0.3363635024575276,0.2107899740220227,0.3183880038759947,0.2718439872410419
OaF,2,1,random,disklavier,RANDOM_P02_D1,0.3918782657821567,0.7026032923093994,0.5546396249501949,0.4275063231974377,0.4026531039346119,0.7076915709050213,0.3402557976028398,0.7134024639579035,0.5751078128895484
OaF,2,2,random,disklavier,RANDOM_P02_D2,0.2538788539988227,0.669450277178528,0.4498707414522827,0.3013178227525071,0.3920660032347809,0.0800755197039028,0.2119213479594409,0.3861953587934167,0.0230074816838217
OaF,3,0,random,disklavier,RANDOM_P03_D0,0.3592424019820632,0.3450977591384476,-0.1012944871666304,0.4314846874870556,0.5070701504182833,-0.1414557776048402,0.3319888910022188,-0.4765477443124011,0.3193454179660688
OaF,3,1,random,disklavier,RANDOM_P03_D1,0.2150855564953339,0.4020870729435387,0.29438328303386,0.1912733011443288,0.4815186885459181,-0.1888474734581242,0.1842617164205359,-0.0758798553286404,0.4047029918597982
OaF,3,2,random,disklavier,RANDOM_P03_D2,0.1188837605415544,0.6481329894757746,0.2406152358145728,0.0646751067663247,0.4671124139214275,0.1033283028981715,0.2848160382500574,0.5234153252678334,0.3045932616744514
OaF,4,0,random,disklavier,RANDOM_P04_D0,0.5025413972582027,0.2403734910609588,0.2082577164250629,0.3007937688306807,0.413341519526588,0.0787617284543935,0.1205700723765396,-0.1671711298798207,0.4871944919385479
OaF,4,1,random,disklavier,RANDOM_P04_D1,0.3236505617096714,0.4063253194603846,0.3615031783886161,0.071126098885961,0.4795232127702465,-0.0525314145061729,0.071362672461653,-0.3092096740642445,0.5774936128386051
OaF,4,2,random,disklavier,RANDOM_P04_D2,0.1609646122081769,0.2032825884287716,0.1963283962733713,-0.0519510494986564,0.3445153870730046,0.1524319944429845,0.2241730181000349,0.5987857656585241,0.2008351390622324
OaF,5,0,random,disklavier,RANDOM_P05_D0,0.5351842201985673,0.0298632193501673,0.3660735634428896,0.1550403420533246,0.4888548343444874,-0.1615150867370041,0.2894807387255412,-0.6693916952955072,0.358418058951392
OaF,5,1,random,disklavier,RANDOM_P05_D1,0.1150326890945897,0.330725530616589,0.2312769596742952,0.0916576444821836,0.4559201748492606,-0.2274140619105418,0.2234124440378639,-0.6631227274553695,0.4557491014103264
OaF,5,2,random,disklavier,RANDOM_P05_D2,0.4912399750089586,0.418672931015885,0.4481474920681033,-0.0009196157135154,0.4132906051569437,0.1420141783095884,0.1423668612191435,0.6591750473842966,-0.0198338158421198
OaF,6,0,random,disklavier,RANDOM_P06_D0,0.1531745994290512,-0.0355432984800529,0.2571262136211756,0.1564484080032474,0.47318830812261,-0.1612114148507001,0.243835351911997,-0.629230904287494,0.8581407749571851
OaF,6,1,random,disklavier,RANDOM_P06_D1,0.1285985033297033,0.1803541940049553,0.2507063130672253,0.1789047156381491,0.3977688034733612,-0.1057872267477097,0.0777356372835279,-0.408232648566195,0.4014730099899156
OaF,6,2,random,disklavier,RANDOM_P06_D2,0.3410967152323028,0.3540390132585748,0.2481333350725332,0.0705157949543759,0.3277049963224143,-0.0101089108354431,0.1271899025695148,0.3683680455170873,-0.0269402153225109
OaF,7,0,random,disklavier,RANDOM_P07_D0,0.2119067217272159,0.2488182971332055,0.2208562610771211,-0.029770049049101,0.5258326579373916,-0.2059138950841554,0.0448437448454856,-0.6049796526234245,0.7371764045365932
OaF,7,1,random,disklavier,RANDOM_P07_D1,0.2726624036919107,0.2391120697452637,0.2738779991609693,0.1828082233703484,0.3558434197659743,-0.1148712361429467,0.0472505060173968,0.2258360481672681,0.4424650199692989
OaF,7,2,random,disklavier,RANDOM_P07_D2,0.2467899798123994,0.2255065310748641,0.2058367364559178,0.0688381524146248,0.3493685882506654,0.0374230549141054,0.0577254218726821,0.5123734255290093,0.1456073275249108
OaF,8,0,random,disklavier,RANDOM_P08_D0,0.1711121060061958,-0.0904622315515733,0.280852195498838,0.0733323871589784,0.4801453345933819,0.5763945530609556,0.4155888188828049,0.7674764979077778,0.4948862419799389
OaF,8,1,random,disklavier,RANDOM_P08_D1,0.2564434527193238,0.1764624936817373,0.2543395929318653,0.1070890747950711,0.3632199084549143,0.0651182015519737,0.0466544821742138,-0.2655607732484385,0.2236449283025634
OaF,8,2,random,disklavier,RANDOM_P08_D2,0.2443101232727657,0.4397929564162202,0.2177348822599043,0.164074443259178,0.3090776409228224,0.2629629234185699,0.165484436864625,0.6216468242720425,-0.0146978142268611
OaF,9,0,random,disklavier,RANDOM_P09_D0,0.217536744084293,0.1477157432197435,0.2849148955255058,0.0692807337917549,0.4544121875145172,0.0743580521904627,0.3013309519731812,-0.5427498030964079,0.4029427316720691
OaF,9,1,random,disklavier,RANDOM_P09_D1,0.2911402227473925,0.0397768928023997,0.151016135118751,0.038217143381534,0.3129789541955234,-0.012232762634197,0.2071226383672908,-0.3933995637247033,0.2184225437206945
OaF,9,2,random,disklavier,RANDOM_P09_D2,0.2085016841397609,0.19052019192899,0.1709068595209025,0.1627747552212016,0.2751269067749078,0.2758337070758702,0.0611856227660962,0.7011603285314474,0.0940738472360031
OaF,10,0,random,disklavier,RANDOM_P10_D0,0.0660182538070829,0.1271814506918006,0.1588215146788872,0.1094840662307678,0.4686325827367231,-0.0415005116461261,0.1374583370051503,-0.5569343403540216,0.6396129963207231
OaF,10,1,random,disklavier,RANDOM_P10_D1,0.1662017209968892,0.0142834324163539,0.1808821384786059,0.1805270560777208,0.3408120879716259,0.0616710781599275,0.1692633066482977,-0.5193996600900967,0.3049805858075955
OaF,10,2,random,disklavier,RANDOM_P10_D2,0.2207022155738016,0.0916755064226245,0.1459729606920375,-0.0068359152792712,0.2645468543060136,0.1581123295934787,0.269101965798916,0.7294444632071135,0.0288473942349173
OaF,11,0,random,disklavier,RANDOM_P11_D0,0.2191117483759457,0.0797325112213982,0.2307423467714006,-0.0028974936567799,0.3670075093165012,-0.1736577161191061,0.0529180544310408,-0.5209265963426719,0.5996919080162866
OaF,11,1,random,disklavier,RANDOM_P11_D1,0.2814685606835602,0.088653708412258,0.1925142659325837,0.1588452722692248,0.3003237657202414,0.2116826366317422,0.1216240753394695,-0.5300301120775912,0.2434184789205863
OaF,11,2,random,disklavier,RANDOM_P11_D2,0.222121565505524,0.0061469832830305,0.1197025384394879,-0.0330124281960489,0.2632421035422217,0.1069425641243551,0.2286321553433483,0.1011496128293837,0.0698271521430162
OaF,12,0,random,disklavier,RANDOM_P12_D0,0.1188043571072348,0.029188835158321,0.1857207579476422,-0.0945414602412602,0.335144484741091,0.3131201258030925,0.3762251760382414,0.7789295650331397,0.1714396346429577
OaF,12,1,random,disklavier,RANDOM_P12_D1,0.220613738636852,0.0333809364609755,0.1731245376836877,0.0456270515467186,0.2626266224617621,-0.0605673803449535,0.1071001997817193,-0.1043312029776808,0.1942042758319693
OaF,12,2,random,disklavier,RANDOM_P12_D2,0.1476588056136374,-0.0033399345745717,0.093674863218979,-0.049944422101172,0.2215327831776307,0.1177974240978886,0.1662460999661589,-0.0841852789554748,0.1201221278333084
OaF,13,0,random,disklavier,RANDOM_P13_D0,0.2602929199850601,0.0405982574410883,0.2110851498632029,0.0127639201828646,0.2664783740664444,0.4378453831838245,0.3501234224864941,0.7839241946301945,-0.0016835414828969
OaF,13,1,random,disklavier,RANDOM_P13_D1,0.1723724930579067,0.078670201964674,0.1163172498479928,0.2030075589103372,0.2662465741202175,0.1189196401572157,0.1615480574920856,-0.3092811494767798,0.0592577128382296
OaF,13,2,random,disklavier,RANDOM_P13_D2,0.2151610007571632,-0.0018625269848343,0.1058612203597798,-0.0659628432599284,0.1990418114353563,0.042909620079224,0.1275840656257228,0.3088660883879328,0.152471514840855
OaF,14,0,random,disklavier,RANDOM_P14_D0,0.1899982365895484,0.1402653824497264,0.1751763288450181,0.0059194488647074,0.2691794555034143,0.3696681439689783,0.454009875440988,0.7443238042534742,-0.2193393006438784
OaF,14,1,random,disklavier,RANDOM_P14_D1,0.2144541921628122,0.0869481271625311,0.1042233347616902,0.2331169774777473,0.2705489527052354,0.0412730685813655,0.1203201964647946,0.002041616666642,0.2189090794460384
OaF,14,2,random,disklavier,RANDOM_P14_D2,0.2171383530455957,0.0917176567199353,0.1034587784216729,-0.1208783178131903,0.1738154793010755,0.1252357945411793,0.159998125657558,0.3445994428270366,0.0445958683932464
OaF,15,0,random,disklavier,RANDOM_P15_D0,0.171326437706714,0.1117811547974117,0.1211383452028491,-0.0014042075546523,0.2764575591856268,0.0472334298932951,0.1954210608468415,0.3624791938116046,0.4870164845862255
OaF,15,1,random,disklavier,RANDOM_P15_D1,0.1965064279613604,0.0007872206410258,0.1320119143607759,0.2005283292311755,0.2208582816878362,-0.1269755449751707,0.1411212203571986,0.0886930667098613,0.0175773930736775
OaF,15,2,random,disklavier,RANDOM_P15_D2,0.3027021295911825,0.0571807307138084,0.232352204528818,-0.070887644774738,0.22734654206062,0.1772496529307234,0.1389444838537551,0.4014288316373716,0.0802811596934062
OaF,16,0,random,disklavier,RANDOM_P16_D0,0.235773036928077,0.0485891643957631,0.1486444562321205,0.0076563749268618,0.2118155040113775,0.015453951484249,0.1359892713787014,-0.3775747525734718,-0.3800430745228653
OaF,16,1,random,disklavier,RANDOM_P16_D1,0.1810430126380269,0.1477954267071703,0.1409340549476035,0.2458961514040523,0.2975495473046493,0.1716902491858037,0.1901990226717919,-0.231675220740696,0.0575458317924628
OaF,16,2,random,disklavier,RANDOM_P16_D2,0.2177557343582012,0.0781705361650608,0.15196514641261,-0.1407427145567888,0.2251038242790144,0.2077992253261412,0.1921630789399728,0.3979005362639023,0.1711425133343138
OaF,17,0,random,disklavier,RANDOM_P17_D0,0.2804504508014313,0.1388481437190105,0.1850252067236388,0.0028284901971944,0.2743422303587762,-0.0770684346521634,0.1650809658589157,0.2136508526548177,0.3532854282147743
OaF,17,1,random,disklavier,RANDOM_P17_D1,0.1558024519262275,0.2460700292672801,0.09094238825987,0.1306018470536008,0.2871672019680448,0.1514334523269563,0.1620927420522576,-0.3634091575481364,0.1773206711665627
OaF,17,2,random,disklavier,RANDOM_P17_D2,0.2018993441342621,0.0482587444395883,0.0983747660602978,0.0052919430901102,0.2501014104328687,0.0265849703629693,-0.1547636556916893,0.6218875447923861,0.0477272555098824
OaF,18,0,random,disklavier,RANDOM_P18_D0,0.2111937824768293,0.0712489352122181,0.1368412531851778,0.0163045310049699,0.2739398247896831,0.0404646972402146,0.1424932929799164,-0.194682741894289,0.667072895599626
OaF,18,1,random,disklavier,RANDOM_P18_D1,0.1722758191019595,0.0860302957170529,0.1581541351130901,0.1093994127587143,0.2471124549007681,-0.0095527142130828,0.1244806844470511,-0.2762069875769337,0.1519198284822056
OaF,18,2,random,disklavier,RANDOM_P18_D2,0.2164096506324913,0.0749682656846546,0.207515942658237,-0.0301483654430647,0.2205436824042995,-0.2138534144244289,0.1583691313178311,0.2781087964162922,0.1689939061455913
OaF,19,0,random,disklavier,RANDOM_P19_D0,0.2248395247865283,0.0903291059148791,0.0975217920089306,0.0110505597374496,0.2489456176327368,0.0381064658824668,0.1582086552748953,0.1414475903848202,-0.2485602196932707
OaF,19,1,random,disklavier,RANDOM_P19_D1,0.1460817285323754,0.0879446920605898,0.0908744554166444,0.1526239009340863,0.1887069687369188,0.0281392502579134,0.007029868382744,-0.099471640208876,0.0687517640911846
OaF,19,2,random,disklavier,RANDOM_P19_D2,0.1685092730311885,0.1182597834851035,0.1158583127270806,-0.0551294371057694,0.2059122216993764,0.1719859373839595,0.142920955896669,0.2158047611704482,0.0144220871569148
OaF,20,0,random,disklavier,RANDOM_P20_D0,0.2343703088522214,0.0401152518390059,0.1906334180422597,0.0138572355112755,0.3055903009311663,0.0670411229547406,0.149689520971489,0.4339000972376933,-0.0221126369945488
OaF,20,1,random,disklavier,RANDOM_P20_D1,0.1070906497722158,0.0354535118558661,0.0954378810827111,0.0189889072258802,0.2992374885688712,-0.0218239314507714,0.080308170233488,-0.5724235579739576,0.1199021344584373
OaF,20,2,random,disklavier,RANDOM_P20_D2,0.1686613221528585,0.1915601808994098,0.1004847786382922,-0.0830415888718264,0.2373890346820473,-0.0538997910117968,0.1148638886093449,0.4407077866228013,0.083420765568907
OaF,21,0,random,disklavier,RANDOM_P21_D0,0.190211775916329,0.0623206179147054,0.1459424692706106,0.0223621772281121,0.2742579274211765,-0.1294492468735596,0.1265773390056978,-0.1944475049332918,0.6420930639769198
OaF,21,1,random,disklavier,RANDOM_P21_D1,0.1769047293778366,0.0448042389586791,0.0849812160741085,0.0542333362888016,0.2745032481957928,-0.111209468333461,0.1755728762497802,-0.5448600554502633,0.0806230952755913
OaF,21,2,random,disklavier,RANDOM_P21_D2,0.1365816871060519,0.2411969498529365,0.0861974038326144,-0.0872359286971071,0.2252988536364585,0.0386934120586585,0.1744460388344751,0.5530792850495465,0.0848523657410588
OaF,22,0,random,disklavier,RANDOM_P22_D0,0.2234591409154224,0.0314039582942811,0.09712520510538,0.1581364843116263,0.2735361037683077,0.0009841291967346,0.164347951680026,-0.1884434194856527,-0.023241843071658
OaF,22,1,random,disklavier,RANDOM_P22_D1,0.141634878217419,0.1016067891121737,0.0832130052697417,-0.0602683039548155,0.2789967534332611,0.1181610187226633,0.1300276981877072,-0.3691367451172266,0.027851542602437
OaF,22,2,random,disklavier,RANDOM_P22_D2,0.1005786536884234,0.07375436751982,0.0258706749926196,-0.0285719948160306,0.242218469903864,-0.2136572845094783,0.1596668729879166,-0.2812509174123596,0.0337185252822618
OaF,23,0,random,disklavier,RANDOM_P23_D0,0.1852376426159017,0.0507630843818903,0.1019657319813051,0.1006762026714502,0.2464433407656454,0.0545427780172656,0.1023582733471356,0.2054039433915676,0.3675826428567578
OaF,23,1,random,disklavier,RANDOM_P23_D1,0.1500176132332691,0.0250054754257529,0.069273981536189,0.0134489139575502,0.2558648221939397,-0.0308164023890041,0.1065658832404018,-0.0348940761451515,0.1865040635446465
OaF,23,2,random,disklavier,RANDOM_P23_D2,0.1159418267068528,0.0678808661357994,0.0316006779984417,-0.0019942624308769,0.2276599205863551,-0.0947736189047679,-0.1133489308475322,-0.0049136915479677,0.0616686700885554
OaF,24,0,random,disklavier,RANDOM_P24_D0,0.1884892971932906,0.1444274244581462,0.0794866210556692,0.0866587246157584,0.2195026235027387,0.1076106042873422,0.1425106357069719,0.0778651805204598,-0.325800627866906
OaF,24,1,random,disklavier,RANDOM_P24_D1,0.1446509241964856,0.075039406458445,0.0976362514050436,-0.0883097279703823,0.2734355569579902,0.1534962756883397,0.1136107635863466,0.0993777515821667,0.1489735053593112
OaF,24,2,random,disklavier,RANDOM_P24_D2,0.112793347821735,0.0406893143075008,0.0496087581280531,-0.0989563535065734,0.1982923294804051,-0.0636417855244063,0.0059097475033372,0.4811963206600116,0.0422016155306396
Kong,1,0,random,disklavier,RANDOM_P01_D0,-0.3407440252479481,,,0.196495105041157,-0.2213708111648328,0.6075974254452391,0.030835541610208,0.5616888017035482,0.0030889372138435
Kong,1,1,random,disklavier,RANDOM_P01_D1,0.0194828885383816,,,0.1643372627508874,,0.548732981211414,0.0292868893490341,0.5087675955438619,-0.0932158681631708
Kong,1,2,random,disklavier,RANDOM_P01_D2,0.0718650134230586,,,0.2084190624423278,0.1177665922189266,0.2170543498349166,0.1992100953680742,0.331948174091996,0.006795897366509
Kong,2,0,random,disklavier,RANDOM_P02_D0,-0.0345547546101218,0.3010265786128701,0.0167856003190019,0.1273680682500297,0.0582176745109471,0.3382052338901915,0.2019703261308096,0.4266910129463259,0.390561587215235
Kong,2,1,random,disklavier,RANDOM_P02_D1,0.0142420850534155,0.1909860330867648,0.1842936417049617,0.0982124237881367,-0.0264239442596603,0.3874591660667577,0.0432494908203902,0.5657172875164834,-0.0375063311843029
Kong,2,2,random,disklavier,RANDOM_P02_D2,0.0359348093252775,0.8890826176589693,0.1986734852461099,0.0959677228162143,0.1269633852330922,0.0203774665926109,0.0575853254587761,0.2482450183924834,0.2120164433100948
Kong,3,0,random,disklavier,RANDOM_P03_D0,0.0047439877296371,0.2827187780540575,-0.0106069440983143,0.2048065468641971,0.0934094448601318,0.2693541530089722,0.1631435357614732,0.4985872351349955,0.10209372231096
Kong,3,1,random,disklavier,RANDOM_P03_D1,0.0158068156906735,0.4237805564513073,0.1497748553803784,0.0349313264238803,0.0444957801362642,0.3153806156523053,0.1115211556411169,0.4308243632955191,0.1893823528715121
Kong,3,2,random,disklavier,RANDOM_P03_D2,0.0376667754333109,0.152865977213475,0.0545571113648716,0.2768465559841024,0.0914603118572219,0.0983630619799932,0.1357879390785896,0.3375876981494204,0.1742377845231914
Kong,4,0,random,disklavier,RANDOM_P04_D0,-0.0309111180693476,0.2731782294469643,0.0389663977345404,0.1027465172612951,-0.0401184597501775,0.0665040575416483,0.1761407930644806,-0.3415298664780057,0.4661681469876147
Kong,4,1,random,disklavier,RANDOM_P04_D1,0.0660583757079413,0.1773839109006005,0.2176326164905316,0.0577137357723776,-0.0658813828782808,0.1535191190166289,0.1546377502829856,0.4999487701822293,0.4243048858773878
Kong,4,2,random,disklavier,RANDOM_P04_D2,0.0463499224808824,0.3920655235031062,0.0570804992117751,0.1023745865723666,0.0492636152486776,0.227865602939703,0.1276880374222388,0.2430825423141258,0.3099914605389388
Kong,5,0,random,disklavier,RANDOM_P05_D0,0.126491294021959,0.0316107144251699,0.1539901615747378,0.0192780427196622,0.0962973312939113,0.2260663029169876,0.1169725260472984,0.6532875973937114,0.1896476747821525
Kong,5,1,random,disklavier,RANDOM_P05_D1,-0.0067318425775146,0.2375039477033927,0.0869993703400343,-0.1628722556464721,-0.0316944096409942,-0.0613715363057955,0.1400802035255678,-0.0581361517949002,0.6873663243631207
Kong,5,2,random,disklavier,RANDOM_P05_D2,0.2895937679669577,0.2249700427396111,0.2720722653704535,-0.0143232129837705,0.050863848566929,0.4942925316061256,0.1512347188470265,0.6652660392253602,0.0807240710556798
Kong,6,0,random,disklavier,RANDOM_P06_D0,0.0728827115067189,0.1604426834896966,0.1073535428690019,0.0793156708644895,0.0588516535978926,-0.0155196301476118,0.1043044324597298,0.3447726902603868,0.4028512317526796
Kong,6,1,random,disklavier,RANDOM_P06_D1,-0.0075918240978028,0.1459473745130439,0.0818548974724473,0.0976194828568764,-0.0035898193531467,-0.0549509134511259,0.1570902356303188,-0.0524389285773824,0.4594566100902877
Kong,6,2,random,disklavier,RANDOM_P06_D2,0.1709683480465735,0.1275621417446569,0.0369436994739347,-0.0608327989914056,0.1197075113810535,0.1068330667308378,0.1361335460247557,0.5018020435865685,0.2100163086297928
Kong,7,0,random,disklavier,RANDOM_P07_D0,0.0407405997547804,0.1048771305459625,0.1208848994974231,0.0474340115789764,0.1262715174073637,-0.0591689642064199,0.1322057734436015,-0.2997972233809634,0.4883841862727013
Kong,7,1,random,disklavier,RANDOM_P07_D1,0.0515926417837607,0.026141607334572,0.08175567127449,-0.0123188975275767,0.014514260611001,0.0416274420392155,0.1522982744115538,0.0737870409774508,0.4628831338573242
Kong,7,2,random,disklavier,RANDOM_P07_D2,0.2245207017493796,0.1479550587634565,0.1881775087191727,0.053617856617833,0.1420711439456902,0.0765405843509376,0.0578613256394036,0.4366481919920096,0.2587914587951291
Kong,8,0,random,disklavier,RANDOM_P08_D0,0.0752472410861078,0.1840004753236275,0.118754696691425,-0.0217947138561146,0.1649941537299069,0.0407759645451234,0.1558726787849147,-0.3662941284113977,0.2075162359743326
Kong,8,1,random,disklavier,RANDOM_P08_D1,0.0894132889633653,0.0775038523643177,0.1085523472697176,0.0022802891107486,0.1007271582659054,0.0578849550638131,0.1348836590304525,-0.4961909449137369,0.298796479071312
Kong,8,2,random,disklavier,RANDOM_P08_D2,0.1680230133658765,0.0782319445670721,0.1524460593003099,-0.1077431043618124,0.1420150875019756,0.0104569524669413,0.1445847024189883,0.4998810438602214,0.3127436561911024
Kong,9,0,random,disklavier,RANDOM_P09_D0,0.0665807820546322,0.1642267242108948,0.1077971585875523,0.0938044121979032,0.1358838653044882,-0.0651321051562575,0.1332836124102878,-0.3566494832846626,0.4490816682908949
Kong,9,1,random,disklavier,RANDOM_P09_D1,0.1022109426701513,0.0586899312870941,0.0507940450002568,0.1110835221889703,0.1187116728233928,-0.0249640333614738,0.1081264129058156,-0.1783703692628256,0.303609281931242
Kong,9,2,random,disklavier,RANDOM_P09_D2,0.2181379226795178,0.1108385137547537,0.1851806217506001,0.0686938354695893,0.1834831698730086,0.0716211953320974,0.1957558834453153,0.3462166903682013,0.3499176856760109
Kong,10,0,random,disklavier,RANDOM_P10_D0,0.0798733385219564,0.1814996373404813,0.0471229374758565,0.0985213287264361,0.1034190440849455,-0.0894199816921025,0.1062299964207023,-0.2984800196781858,-0.0360226546345463
Kong,10,1,random,disklavier,RANDOM_P10_D1,0.0899089439760936,0.1042010361584278,0.0468739614692026,0.1666511176278039,0.1538332961350327,-0.0471057658280392,0.1362616831581374,-0.2223820155020115,0.3044790803884891
Kong,10,2,random,disklavier,RANDOM_P10_D2,0.1160127543882831,0.2536557082315864,0.0433850827847065,0.0406718232679094,0.193639146343276,-0.0697634453503382,0.1844115803083051,0.3160544158918877,0.3025991840938393
Kong,11,0,random,disklavier,RANDOM_P11_D0,0.0971501518882602,0.1872405668623568,0.0899166335416453,0.0565651682318469,0.0845098658909237,-0.0897534415881947,0.1293670847210013,-0.3097798624207453,0.1051744058405683
Kong,11,1,random,disklavier,RANDOM_P11_D1,0.056278466476198,0.0980774583036076,0.0539770426627373,0.1470389439443079,0.1423896134307927,-0.0806744529688339,0.1635192404684715,-0.1601457507047116,0.310212279901269
Kong,11,2,random,disklavier,RANDOM_P11_D2,0.1818584611486579,0.1451395433425739,0.052022411780611,-0.0743414460393428,0.1604821602283582,0.0313897413078764,0.1296877975374368,-0.0376708976354534,0.3062127764326587
Kong,12,0,random,disklavier,RANDOM_P12_D0,0.0676928110723297,0.112736306705279,0.089139290716977,0.1151375860635616,0.0750072691457502,0.1052297852705598,0.1745609067741518,0.3232183471941119,0.5234276647589566
Kong,12,1,random,disklavier,RANDOM_P12_D1,0.08151217882646,0.0036106261397529,0.0926791317139511,0.2469816083295637,0.1237814940126051,0.0390802726543962,0.1149539576598762,-0.5229132134503426,0.2191270342771564
Kong,12,2,random,disklavier,RANDOM_P12_D2,0.1561937969890655,0.0658971981651999,0.0505795721087332,0.0576398222502111,0.1076040932118294,0.0297717351028905,0.1545159907037706,-0.0150253926083807,0.1493968516478377
Kong,13,0,random,disklavier,RANDOM_P13_D0,0.0982083823643997,0.1526637185912041,0.0866432093703063,0.0503398655772636,0.0659630476953534,0.0130219375512213,0.1713663613705365,-0.381323559344177,0.4978723766214772
Kong,13,1,random,disklavier,RANDOM_P13_D1,0.158792252195089,0.1062159724703226,0.1653244783509135,0.139281049204828,0.0825042963249391,0.1056878470953967,0.1405068696277306,-0.2093066858576966,0.2470307695164763
Kong,13,2,random,disklavier,RANDOM_P13_D2,0.1009843494438975,0.0833317474951211,0.0070079380302819,-0.023414146469793,0.1317646239661338,0.000695874320782,0.1460203994119681,0.2728202228830105,0.224980653513127
Kong,14,0,random,disklavier,RANDOM_P14_D0,0.1327724765762496,0.106438754430069,0.1120168380714455,0.1861604000340255,0.0103120214263372,-0.029880614783598,0.1477823840683414,-0.3903914228852768,0.5054330986941249
Kong,14,1,random,disklavier,RANDOM_P14_D1,0.1629847935118488,0.0101174099174724,0.1171761096207095,0.2237421913225559,0.1206285498193605,0.2185347505006522,0.1136379848528582,-0.0194482087837738,0.2279872713718093
Kong,14,2,random,disklavier,RANDOM_P14_D2,0.0766285490992556,0.0929125869395334,0.0194022907262071,-0.0273386224726269,0.0917097236707465,0.0636509994641196,0.1417625871858444,0.3315066961671126,0.1149669108946874
Kong,15,0,random,disklavier,RANDOM_P15_D0,0.151152973742234,0.0885502669755719,0.133085779480843,0.0100190042930051,0.0282687245759574,0.0039383189741398,0.1687265421461924,0.2838654321462096,0.5898176678306966
Kong,15,1,random,disklavier,RANDOM_P15_D1,0.1614316170979499,0.1422063712306711,0.1390354519222532,0.0592429150056353,0.1480094670785057,0.0200619465005408,0.0911509621025253,-0.1274446780968335,0.0538048961054426
Kong,15,2,random,disklavier,RANDOM_P15_D2,0.1229257179675525,0.0794720037549242,0.0670639680473164,-0.0561701722721104,0.1177845519077204,0.0323887249258577,0.1263982620856054,0.2888814204577976,0.1297851250360806
Kong,16,0,random,disklavier,RANDOM_P16_D0,0.1748393933701577,0.1146210732959786,0.1292023809203659,0.0475099674232068,0.0506620412571962,0.1016447475264003,0.1441719585458168,-0.2946786491864764,-0.4172116995506241
Kong,16,1,random,disklavier,RANDOM_P16_D1,0.1284764434675291,0.1633373114898385,0.1379160619759346,0.087528756900657,0.1361449643755716,0.097533433501853,0.1177343740421748,0.0533547927269265,0.0898039242200714
Kong,16,2,random,disklavier,RANDOM_P16_D2,0.1504294011325518,0.1441970643153527,0.1049597997769395,-0.0652754441567747,0.1339526258028444,0.0932098307463953,0.1729496180990783,0.06005499990108,0.2079023536084245
Kong,17,0,random,disklavier,RANDOM_P17_D0,0.2018345832112537,0.1322493782480668,0.0843273827103043,0.1124135642705068,0.1132530489906929,-0.1542275340121384,0.1324157005749777,0.1367329412620375,0.4222475886064362
Kong,17,1,random,disklavier,RANDOM_P17_D1,0.1917046759036121,0.0617656018498129,0.1889789468777518,0.2148067204687917,0.1666479143629506,0.0858542589789923,0.0876686958001861,0.1143219700842133,0.1777384342140032
Kong,17,2,random,disklavier,RANDOM_P17_D2,0.124884496572284,0.1105467847036762,0.0690545642750346,-0.070061069865821,0.170610487913373,0.0384256126230039,0.1095206291373329,0.1928400091241567,0.0467580489040055
Kong,18,0,random,disklavier,RANDOM_P18_D0,0.2534281066439529,0.1367721284882315,0.1475676037075552,0.0817180814788584,0.0554746830278702,0.1173170557111601,0.1664655324234985,-0.1644827319660737,0.6979702274055456
Kong,18,1,random,disklavier,RANDOM_P18_D1,0.1437686319865599,0.0788605148065426,0.0967743713846892,0.1891358188013489,0.1622173297828126,0.0016284996435887,0.1483709880785546,-0.2460839117388187,0.1117367212422539
Kong,18,2,random,disklavier,RANDOM_P18_D2,0.1522728490613725,0.169669053687182,0.0554327507948994,0.0008197892563883,0.1196611803172599,-0.1572263970586391,0.1341641348865907,0.2213791367154441,0.238984398513432
Kong,19,0,random,disklavier,RANDOM_P19_D0,0.1823593532829956,0.148076108636302,0.0881935357947573,0.0643274152157772,0.0880871725379802,0.1342875061194149,0.1191596485020533,0.0999533359336555,-0.1328865023033046
Kong,19,1,random,disklavier,RANDOM_P19_D1,0.1043806095798184,0.0980449799390887,0.0987949315319209,0.1268260462875419,0.09779423692334,0.1254133083154369,0.004205195846468,-0.0966736822039956,0.0979380772301035
Kong,19,2,random,disklavier,RANDOM_P19_D2,0.156867914693765,0.0911239410382243,0.0597408221767994,0.052083577247789,0.1684499664229812,0.2022268944860679,0.148021903628217,0.1312334081340619,0.0247504832449617
Kong,20,0,random,disklavier,RANDOM_P20_D0,0.2393231050625674,0.1341841102650378,0.1304329134673597,0.1558576656379899,0.096194778125614,0.0570463980440276,0.1083689443579397,-0.2870713086995932,-0.0326918566039267
Kong,20,1,random,disklavier,RANDOM_P20_D1,0.1732566999610979,0.0856997182324014,0.0633213352265876,0.1992924779871217,0.2975897604876857,0.0717413897157133,0.1015023325343796,-0.3352621510086296,0.2689946105264642
Kong,20,2,random,disklavier,RANDOM_P20_D2,0.1821501517709137,0.0988839981106585,0.0981799963874557,-0.0245807855025605,0.25516113343309,0.1288134638000213,0.1402067941041029,0.0704799023101988,0.0954849126723612
Kong,21,0,random,disklavier,RANDOM_P21_D0,0.230836876196477,0.1668080644535543,0.0730617725577833,-0.0120847056025291,0.1117662490201084,-0.1816381055977013,0.1336835160513811,-0.2128767882808665,0.6283422015127796
Kong,21,1,random,disklavier,RANDOM_P21_D1,0.1516394366196321,0.1119024472125523,0.0593211329815687,0.1664591022674462,0.2652036789013611,-0.0289040327314736,0.1023521445117511,-0.255279067413051,0.0597956103254929
Kong,21,2,random,disklavier,RANDOM_P21_D2,0.161823903485355,0.1655644904692746,0.1060044921623095,0.0839318456408784,0.2639960327268903,0.1358805232047399,0.1604923420904414,0.1822417004608686,0.0419238672805794
Kong,22,0,random,disklavier,RANDOM_P22_D0,0.1726917178599143,0.1219028353119634,0.1043955223587125,-0.0234886860394494,0.1146421176588147,0.0305881099018318,0.1224996418831402,-0.2478801495425572,-0.0351510449614574
Kong,22,1,random,disklavier,RANDOM_P22_D1,0.1731881051846635,0.1280467836969679,0.1300409679360799,0.1550887209610667,0.2497485255738069,0.087665808100964,0.1075426957661559,0.02285622162458,0.0962001056550534
Kong,22,2,random,disklavier,RANDOM_P22_D2,0.1744243088992356,0.1207561972500222,0.0682296471861325,0.0502138119810099,0.2424222945690535,0.0001424397742111,0.1283872058734208,0.0250488016693074,0.188528807960218
Kong,23,0,random,disklavier,RANDOM_P23_D0,0.2399041335941329,0.1622298842851341,0.1239010429288426,-0.0367671757508113,0.0932345980668048,-0.0190410574922369,0.1838368061884278,-0.2946055084051512,0.3055263664490329
Kong,23,1,random,disklavier,RANDOM_P23_D1,0.176949972910079,0.0830951905696989,0.0699011236335201,0.1254331154342426,0.2503826082784451,0.0140879684889645,0.1484933092379011,-0.1852531766955162,0.2147462729782283
Kong,23,2,random,disklavier,RANDOM_P23_D2,0.1878854498298183,0.1275409161202713,0.1070304447114738,0.0220953700183904,0.2508076547019656,0.2421999137074069,0.1191559506996427,0.2395303107296147,0.07203954499149
Kong,24,0,random,disklavier,RANDOM_P24_D0,0.1964372735889619,0.1024860336506941,0.0939108706698827,-0.0053897377255914,0.0890914202260631,0.0352424559215262,0.1450825196870098,-0.1908200149833075,-0.3447327158675179
Kong,24,1,random,disklavier,RANDOM_P24_D1,0.1477825081631631,0.1212507206411099,0.0788084983829778,0.1510807008619944,0.2286294222377907,0.1563372500973933,0.116543220007883,0.1610687309632684,0.1488864612377527
Kong,24,2,random,disklavier,RANDOM_P24_D2,0.1077616698475012,0.05984110844306,0.0456309200070494,0.0390975201362221,0.2194419573521507,0.1560810281893871,0.1130718204227785,-0.0015354611488972,0.1205666663538053
T5,1,0,random,disklavier,RANDOM_P01_D0,-0.0272460515114382,,,0.0819988778248397,0.2857881094856204,0.1277349793420417,0.1187836592349721,0.0858055113808802,0.0086639238348201
T5,1,1,random,disklavier,RANDOM_P01_D1,0.0079255684197393,,,-0.2140214103472908,-0.0025807013309838,0.2395609403761728,0.1125238941930919,-0.1293915026869193,0.0022846411399947
T5,1,2,random,disklavier,RANDOM_P01_D2,-0.0446524089344303,,,0.0596008404786983,0.2241828053262541,0.3420507132063464,0.0425924860514638,0.0412180326463251,-0.0331420542162424
T5,2,0,random,disklavier,RANDOM_P02_D0,-0.0535094725931027,0.1832027095923151,0.0027943553858423,-0.0503929002276815,0.1366021663275577,0.1319245199830728,0.1071383853426415,0.2502281133584899,0.2650325339430334
T5,2,1,random,disklavier,RANDOM_P02_D1,-0.0929504824760238,0.1360176441736146,0.0432895034697671,0.0481763693721696,0.0029866380255866,0.2082265553445922,0.1462975971139442,0.0330203874438126,-0.2688533002757325
T5,2,2,random,disklavier,RANDOM_P02_D2,-0.0327877590023846,0.1377205610559723,-0.0572865402519327,-0.0343695608265649,-0.0104692508451665,0.3868119245085675,0.1225881124785886,-0.1184700417943616,0.2479530684319339
T5,3,0,random,disklavier,RANDOM_P03_D0,0.027241222421976,0.0458790289757936,0.070177084207198,-0.0851789535599411,0.1355099625356372,-0.1360587920320409,0.1134352338557918,-0.1009432024171898,0.0598218052867452
T5,3,1,random,disklavier,RANDOM_P03_D1,0.1903803848495687,0.0948378276723667,0.2384370715996208,0.1573423920246331,0.098047788773847,0.0199531749347302,0.1522082344454603,0.1298896172942056,0.3321315897634042
T5,3,2,random,disklavier,RANDOM_P03_D2,0.0079717766167868,0.0365325847776549,-0.0126520649404921,-0.050562047364175,0.1627775214759119,0.2797721014942315,0.0620332931780262,0.3207110138260216,-0.1057386338514398
T5,4,0,random,disklavier,RANDOM_P04_D0,-0.0236008054449475,0.0411813979153634,0.0166263892808332,0.0252335571045395,-0.0174941858646393,0.0193113012695907,0.1276462103662899,-0.338585672465259,0.1211822198535709
T5,4,1,random,disklavier,RANDOM_P04_D1,0.0283424026207022,0.0703456309671766,0.1744892635349773,-0.1307119566283763,-0.0313585758993472,-0.0490945903616467,0.1434777553699077,0.1479643733820289,0.3840796775915392
T5,4,2,random,disklavier,RANDOM_P04_D2,0.0608379845259052,0.1047351301794898,0.0312232265211014,0.0292062305673454,0.0348025931100987,0.2754736316872518,0.1288749378237915,-0.1876278542765714,-0.0267307966993447
T5,5,0,random,disklavier,RANDOM_P05_D0,0.0149413799435426,0.1779743323263458,0.0463587577563116,-0.155969904594385,0.1097010767164653,-0.0265405415535145,0.1138966617593412,-0.0558758790316229,-0.0762817941307817
T5,5,1,random,disklavier,RANDOM_P05_D1,-0.0066235163474289,-0.0154214756387615,0.0088453291474326,0.1373259790039961,-0.0127905154401893,-0.0066540967958817,0.1347579224365119,0.062828560686222,0.4820673800873523
T5,5,2,random,disklavier,RANDOM_P05_D2,0.0441200531628065,-0.0531047362444397,0.0706768047367872,-0.0947696146566151,0.0659528962561002,0.3042485730184403,0.1452112109420875,0.3533904062381459,0.1173096005395862
T5,6,0,random,disklavier,RANDOM_P06_D0,0.0209779377775041,0.0277487516261049,0.0306093646967762,-0.0595057456038541,0.0401953686602323,-0.0066261362571908,0.0997549811980417,-0.310857894401206,0.0896690655797867
T5,6,1,random,disklavier,RANDOM_P06_D1,0.2005796969865146,0.0220022019958451,0.0998670381321922,0.2191149532471132,0.0073835268853182,-0.0135010334853388,0.1242172191148845,0.0185531236004955,0.5636414090308393
T5,6,2,random,disklavier,RANDOM_P06_D2,0.0879827682717867,0.0233735808043986,0.0600939010756387,0.1661612311120155,0.162390629549988,0.0658328075353842,0.0931702822906131,0.322342953716461,0.3636396517432708
T5,7,0,random,disklavier,RANDOM_P07_D0,0.0833232638357527,0.0080468741138854,0.0991097056393636,-0.0261941362516355,0.1720598286300159,-0.0844931485575154,0.1694171195959018,-0.1637912503687073,0.2379426893373713
T5,7,1,random,disklavier,RANDOM_P07_D1,-0.0359422934087627,0.2472354996081604,-0.0256138822212409,0.1996838689782809,0.0009101067721029,0.0120883878789726,0.12257553837053,0.0821551536944013,0.3313669579246145
T5,7,2,random,disklavier,RANDOM_P07_D2,0.087973287996979,0.002371155688475,0.0486535745440324,0.1561598660722331,0.0836550934607841,0.0338978397331044,0.1509466004988003,0.3109452354305452,0.2866434229914752
T5,8,0,random,disklavier,RANDOM_P08_D0,0.0353563971047318,0.0687596276339224,0.0465662814283307,-0.0709783464735958,0.0953139953065178,-0.0059964006656612,0.1301855712785858,0.1337705669122066,-0.0805472218844726
T5,8,1,random,disklavier,RANDOM_P08_D1,0.0819890890208517,-0.0310737666302961,0.1252013166020179,-0.0703380236917774,0.0476231398276997,0.0337953886886926,0.1049040778626926,0.2975764662498005,0.3258628621789953
T5,8,2,random,disklavier,RANDOM_P08_D2,0.0091052650613626,0.0058652375072881,0.0004725518074823,0.0397763796969264,0.1319218272527322,0.0667813126960067,0.130911411654041,0.4223288342692087,0.2544196144358672
T5,9,0,random,disklavier,RANDOM_P09_D0,0.0851110128773783,-0.0039336453320702,0.1203701867367998,-0.0147068787036662,0.0379488216780111,-0.0475752105343257,0.1110951041734785,-0.2309264756899717,0.2684807330123286
T5,9,1,random,disklavier,RANDOM_P09_D1,0.0104482423183223,-0.0207144694756375,0.0301493923849095,0.0032695319485218,0.0449631377751525,-0.0119337636394994,0.1825341400577958,-0.0378536204527567,0.2338579991810175
T5,9,2,random,disklavier,RANDOM_P09_D2,0.0742632337843283,-0.0434082779920228,0.0457555083517572,0.0844101856641936,0.1464010209611576,0.1141436201221009,0.1954869834044441,0.2122536158438902,0.212647235537203
T5,10,0,random,disklavier,RANDOM_P10_D0,0.0588987770860311,-0.0275945400513595,0.0530391612183743,-0.0226992573727934,0.0998613316820369,0.0757019827733531,0.1494545839402089,-0.2728139011412528,-0.1333879268892783
T5,10,1,random,disklavier,RANDOM_P10_D1,0.0038455108151696,-0.0280928111524853,0.0217346296386063,-0.0844057497697607,0.0416723658692463,-0.0202308299583957,0.1463974906457664,-0.1029691816788272,0.23069163813639
T5,10,2,random,disklavier,RANDOM_P10_D2,0.0352120920330594,0.0376929967161369,-0.0128521758205118,0.1566459138020237,0.1331208302750016,-0.039754011912605,0.1372951425102442,-0.1952676247094416,0.2863099733208969
T5,11,0,random,disklavier,RANDOM_P11_D0,0.0448671145181579,-0.0284743276854746,0.0255146969525091,-0.1220077878030041,0.0192062573418164,-0.0950578748947826,0.1377454917076375,0.2877629920510863,-0.1374712326063807
T5,11,1,random,disklavier,RANDOM_P11_D1,0.0272705838007201,0.0266914632052422,0.0010763339991769,-0.0293641028973079,0.1188390922712,-0.0718682199923913,0.1372713548385222,-0.2874618765863607,0.2421393972813764
T5,11,2,random,disklavier,RANDOM_P11_D2,0.1029589670930277,-0.026351565514811,0.025440599973567,0.0836436556804064,0.0906905288115552,-0.0749216730179872,0.1553020923083023,-0.0691952791154037,0.3051510519521842
T5,12,0,random,disklavier,RANDOM_P12_D0,0.0580634288848034,-0.02546856866526,0.0578093244518306,-0.0674637044594893,0.0724860082715544,-0.0017082646721302,0.1157848324415446,-0.2346078789263979,0.3637514067699616
T5,12,1,random,disklavier,RANDOM_P12_D1,0.0095604251812287,-0.0262249313235341,0.0296791588741301,-0.0238422258845624,0.0765274735044247,-0.2034779190680775,0.1276383562877846,-0.3879275324280754,0.1658333704281419
T5,12,2,random,disklavier,RANDOM_P12_D2,0.0558124542005927,0.0289657573590387,0.0458250587878421,0.0799266508815794,0.1143055959827604,-0.1230917752085968,0.1442391588565109,-0.0480149283449188,0.2018387755340704
T5,13,0,random,disklavier,RANDOM_P13_D0,0.0057535239011691,0.0389741194241126,0.0170362883333005,0.0016649000514518,-0.0014229641045615,0.1024877972916563,0.1416904984833768,-0.10676156132713,0.1917779688011222
T5,13,1,random,disklavier,RANDOM_P13_D1,0.0649604536033594,0.0630935825682272,0.0245444761598002,0.1012664127657118,0.0448211907375961,0.1170558964416675,0.1561640641523096,-0.0678751082324894,0.1258567977482879
T5,13,2,random,disklavier,RANDOM_P13_D2,0.0192125592472474,0.0667195285475896,-0.0342356170431663,0.0915834737135137,0.1126973769203825,0.0821428418834567,0.1548245294667727,-0.0197509910969182,0.2022050668045196
T5,14,0,random,disklavier,RANDOM_P14_D0,0.0878251374631269,0.0828638280897158,0.0629953203885372,0.0518165997159537,0.0200629413183878,-0.0579245187900177,0.1466721131461759,-0.2444602330006022,0.5113760656076607
T5,14,1,random,disklavier,RANDOM_P14_D1,0.0420087587875081,-0.0184271335293494,0.0092749673792718,0.1171821343352246,0.142280033197703,0.0049316849403563,0.1051425860484716,0.0533857078409182,0.1954820208350695
T5,14,2,random,disklavier,RANDOM_P14_D2,0.0275741051869231,0.0041787997979787,0.0359260011915862,0.1535730911487234,0.1011964881399379,0.1222557924564088,0.1426405752444358,0.1550236333915723,0.1853371450549397
T5,15,0,random,disklavier,RANDOM_P15_D0,0.0687122458509078,-0.0150030998943638,0.0257213782127089,0.0401661952695152,0.0408034035214556,0.0754120084433593,0.1690193233674856,0.012097200435439,0.4942780990710066
T5,15,1,random,disklavier,RANDOM_P15_D1,0.0163860394069471,0.0809756695365643,0.0290592049444715,0.0701419654944067,0.0803206068625372,-0.0293491262341497,0.112360885372574,0.0778322167634214,-0.0075372099465534
T5,15,2,random,disklavier,RANDOM_P15_D2,0.0690593811722398,0.0321423757049441,0.0702354563182651,-0.0011018290194826,0.0929393391669983,0.2277898548812363,0.1426564531601288,0.261042467909333,0.1041862167172342
T5,16,0,random,disklavier,RANDOM_P16_D0,0.1002479486223552,0.0307243162240277,-0.0124942626088835,0.0095376714951395,0.0224293995925643,0.1042266801623061,0.1314267114878696,-0.3375650659579685,-0.3177020665358381
T5,16,1,random,disklavier,RANDOM_P16_D1,0.0856500735201152,0.0867070910383225,0.0535120290220682,0.0900152455132215,0.1416261232428494,0.1880766749997338,0.1013798852589748,0.0258559088550294,0.0641871498431373
T5,16,2,random,disklavier,RANDOM_P16_D2,0.0222940525156889,0.0988611115796584,-0.0090256560935809,0.0067482116564453,0.1082134311611737,0.0958794685334011,0.1641693969294072,0.1818937871183764,0.155492772847995
T5,17,0,random,disklavier,RANDOM_P17_D0,0.0714008030580198,0.0190850552692506,0.0592086151716465,-0.0783825128482675,0.080645209214893,-0.136902564286554,0.1700124229838899,0.2525800628283441,0.3491440503678807
T5,17,1,random,disklavier,RANDOM_P17_D1,0.0321080159371112,0.0536242769215935,0.0121431144745128,0.1054750770641851,0.098117619255845,0.1849735254202782,0.1114227296851369,-0.0207726412392826,0.1671153426779865
T5,17,2,random,disklavier,RANDOM_P17_D2,0.0721511331802614,0.0330402921979181,0.0422492252863537,0.0792733102807635,0.1408135251382751,0.1022063772255384,0.1257428029333234,0.2126202844911298,0.0320159652712347
T5,18,0,random,disklavier,RANDOM_P18_D0,0.054407463985908,-0.011388883460981,0.0066864906472832,0.1179024113590369,0.0332717796106679,0.0352780933832639,0.1333622980328696,-0.18753276423744,0.5989704772917196
T5,18,1,random,disklavier,RANDOM_P18_D1,0.051296636573585,0.0008639394330221,0.0313534276987525,-0.1542376439022356,0.0693936692905362,-0.0466166528862779,0.1498945189282051,0.2169677525956275,0.1069552136888242
T5,18,2,random,disklavier,RANDOM_P18_D2,0.0843761027099328,0.0610695139026768,0.0367651494653334,0.074797780163404,0.1223658509649297,-0.0660708364647458,0.1599252298663321,0.0108812765290482,0.2196486735617494
T5,19,0,random,disklavier,RANDOM_P19_D0,0.0441124213917287,0.1155874232906674,-0.0127016016524027,-0.0031101250573114,0.0794540772608836,0.0873029350256363,0.1070532761060045,0.0745900708174536,-0.1546301597748854
T5,19,1,random,disklavier,RANDOM_P19_D1,0.0693715907188495,-0.0170292309827836,0.0010938778396344,0.0552607280903698,0.092046775916004,0.0617588337445707,-0.0104113887885255,-0.049602613419397,0.0856966621093038
T5,19,2,random,disklavier,RANDOM_P19_D2,0.0578843715937884,0.002404717336762,0.0322215251891282,-0.0585036756274646,0.1362766846520258,0.1385742590834612,0.1518856786974888,-0.115713947522155,0.0162347443467623
T5,20,0,random,disklavier,RANDOM_P20_D0,0.0693729735386396,0.0484636117040856,0.0725244779831767,-0.1074111595934838,0.0738938331827115,0.0028658520222274,0.0816084240658086,-0.3475653202687758,0.0232610775732693
T5,20,1,random,disklavier,RANDOM_P20_D1,0.0515589937992107,0.0110094225685712,0.0406405836621553,-0.0927340217782645,0.2154628084904341,0.1505077396653355,0.1231667202781001,0.2413908517088001,0.2415004933259329
T5,20,2,random,disklavier,RANDOM_P20_D2,0.0874350259076822,0.0118827386772073,0.0651016107124921,0.0717002237331705,0.1829466837539653,0.1609583499275659,0.1476154322930207,-0.1026721947848336,0.0718588613143913
T5,21,0,random,disklavier,RANDOM_P21_D0,0.1152511015579809,0.0812640586038869,0.0954351218404111,-0.0999026305503232,0.1229322624542107,-0.1960465154450769,0.0965152950074483,-0.231180794640053,0.5912160966061163
T5,21,1,random,disklavier,RANDOM_P21_D1,0.0584535456574885,0.0971834969183385,0.0492649465764668,-0.105389146183883,0.2224963743210462,0.0056192345541778,0.1306846980954882,0.3522885183484984,0.0731559710188765
T5,21,2,random,disklavier,RANDOM_P21_D2,0.0927068946532475,0.0877376918526542,0.0010413135815866,0.1898015391828897,0.2266975414166938,0.1347655339673088,0.0982220998928971,0.0623432250415434,0.0324013165677377
T5,22,0,random,disklavier,RANDOM_P22_D0,0.0707140878145118,0.076173682307885,0.0336249779933232,0.0288597240025529,0.0960577279013872,0.0505897619151419,0.1405805874216576,-0.2290666427904148,0.087051655510352
T5,22,1,random,disklavier,RANDOM_P22_D1,0.0876921745579407,0.0117937658084294,0.037863102920605,-0.0666364608218375,0.1958936776284445,0.0069130636654666,0.1052011919465456,0.1007261815338199,0.0448892944416483
T5,22,2,random,disklavier,RANDOM_P22_D2,0.1151987336486685,0.045462680296071,0.0554484428734159,0.0821038032829572,0.2101431741665174,-0.0022367602601886,0.1810887913354615,-0.046021985908347,0.1817675084851199
T5,23,0,random,disklavier,RANDOM_P23_D0,0.0633082007782958,0.114659376064936,0.0358610827773188,0.1202327396669769,0.096187410261218,0.0991361363757531,0.1444574875609908,0.2201714151839592,0.3120136733396721
T5,23,1,random,disklavier,RANDOM_P23_D1,0.0712789577845006,0.0029458559833859,0.0209883329418809,0.2186288884715688,0.1836897812278546,0.1101521175609226,0.1324387611107006,0.0902290249258825,0.2331091857926922
T5,23,2,random,disklavier,RANDOM_P23_D2,0.0733836180309154,0.098572986623747,0.1326069476965671,0.0763213904435215,0.2073928878390953,0.1754940803010117,0.1279147682221804,-0.0230520704242854,0.0812926606431969
T5,24,0,random,disklavier,RANDOM_P24_D0,0.0519074475471845,0.0623651532534422,0.0424194971493559,-0.115800759930124,0.0618865613180692,-0.0614399125156458,0.1560384278872825,-0.2448444183893365,-0.3270134723975842
T5,24,1,random,disklavier,RANDOM_P24_D1,0.0748898086002932,0.0409825558807347,0.0793147649705082,-0.0476696824982615,0.169915221180305,0.0347021556432823,0.1488674397194251,0.0833310950819524,0.1865363939774944
T5,24,2,random,disklavier,RANDOM_P24_D2,0.0240326716096814,0.0276814504951457,0.0014857008883826,0.069498204939684,0.2111577519550751,0.0788468732648336,0.1239985415731941,-0.356735242589058,0.1738700262370329
Toyama,1,0,random,disklavier,RANDOM_P01_D0,-0.115691132282513,,,0.0506054688736481,,0.5370952357414528,0.0637116697319262,0.5991344044163712,-0.1394023542089437
Toyama,1,1,random,disklavier,RANDOM_P01_D1,-0.1941577404977919,,,0.1256699333642306,-0.0391591235309401,0.5476829693099086,0.0094304377581331,0.5657071511963925,-0.2106440586029454
Toyama,1,2,random,disklavier,RANDOM_P01_D2,0.0586143951268159,,,0.0584815489702071,,0.3131191369220279,-0.0459408432302541,0.2227140461429377,0.0170843374896095
Toyama,2,0,random,disklavier,RANDOM_P02_D0,-0.0221616219518891,0.7942441202132673,0.2330741615257663,-0.0835616777318543,,-0.0350734715378623,0.1555443942846718,0.1897128220819248,0.8315826911701378
Toyama,2,1,random,disklavier,RANDOM_P02_D1,0.0768383335348436,0.5894509714320936,0.3249817916130862,0.0467834807637971,,0.4272254531327477,0.0840445706528907,0.4752791430597049,0.3421739475527981
Toyama,2,2,random,disklavier,RANDOM_P02_D2,0.0120529427106388,0.9111862926524286,0.2147671837021588,0.0468410799301745,-0.125300490685219,0.0607922036118535,0.0772335149350381,0.4486163877632611,0.2423381455885581
Toyama,3,0,random,disklavier,RANDOM_P03_D0,0.0430688542148519,0.6491261487334529,0.2424033300632663,0.3534336993697654,0.1574405799180765,-0.0942942572915379,0.1461497954639555,-0.0997619339928198,0.7003690336541633
Toyama,3,1,random,disklavier,RANDOM_P03_D1,0.0480302391486744,0.7581189170188052,0.2588931609580669,-0.0122335438600196,,-0.0398648651893116,0.1113736134003456,0.0571485649347038,0.6990397229473473
Toyama,3,2,random,disklavier,RANDOM_P03_D2,0.1073710093315686,0.484153354749257,0.1587420047296673,0.0221007756271262,,0.2017092714499795,0.1602759685220459,0.405572275896019,0.1923274898690482
Toyama,4,0,random,disklavier,RANDOM_P04_D0,-0.0204801227243475,0.5005793329524282,0.04518448077672,0.1527954035287742,0.0085225913847217,0.0871850392967223,0.0921822384319253,-0.2578863847866985,0.6127232440347004
Toyama,4,1,random,disklavier,RANDOM_P04_D1,0.0950037301918785,0.5593660443811216,0.3270569282443925,0.0445390980538472,0.0076121244821061,0.245682482081727,0.0835419982350193,0.6321984357265081,0.7047735488089756
Toyama,4,2,random,disklavier,RANDOM_P04_D2,0.1041239839657084,0.5148391261032136,0.136287450721012,-0.1774149571176306,0.0168379514361495,0.3020366229867957,0.1265515698697639,0.4593824737970638,0.313124074723875
Toyama,5,0,random,disklavier,RANDOM_P05_D0,0.1589145185757031,0.0815855391277174,0.2040834922292459,-0.0148219762945729,,0.2152825573867595,0.1095667534244425,0.6580071652382918,0.4364877789780659
Toyama,5,1,random,disklavier,RANDOM_P05_D1,0.0367283609552999,0.0289108734260507,0.133500825540982,-0.1170101458535498,0.0067868846411247,0.2566738620630456,0.1033733939113041,0.5929144291868356,0.6195428992811766
Toyama,5,2,random,disklavier,RANDOM_P05_D2,0.3854477145509798,0.5190256189441075,0.3722312993040788,-0.1089263013280313,0.0267910302636514,0.3815033912395035,0.0869141039426053,0.4495787308648751,0.2601143326320701
Toyama,6,0,random,disklavier,RANDOM_P06_D0,-0.0003374882982544,0.3579271451989876,0.1032611643660677,-0.1504384395368909,0.0390119919758878,0.0489282896962451,0.098248989006362,0.3284369727203127,0.7650553461783304
Toyama,6,1,random,disklavier,RANDOM_P06_D1,0.0383717812592633,0.2213734207837153,0.1427884949707566,-0.0802201018489888,0.0541778454657094,0.2389623776312418,0.1325215077270337,-0.6114328545793198,0.5545986343207975
Toyama,6,2,random,disklavier,RANDOM_P06_D2,0.1376465727489017,0.4032918041967796,0.146582777403099,0.173162681500616,,0.0137078444409271,0.146421033780377,0.509629364916545,0.1686268016431482
Toyama,7,0,random,disklavier,RANDOM_P07_D0,0.0890316171214436,0.4288517440905297,0.1915490680629075,-0.0600219220614736,0.1369382039239936,0.1721563667424418,0.1501298920609839,0.422016400789194,0.7631174925858001
Toyama,7,1,random,disklavier,RANDOM_P07_D1,0.0711591582048982,0.2278197585639566,0.1389110002927054,-0.0375656840622944,-0.0012096476495453,0.3122539810862918,0.1055962012404657,0.6356019313867672,0.6381722070773089
Toyama,7,2,random,disklavier,RANDOM_P07_D2,0.1023012061490149,0.091426411543062,0.0965983731790292,0.1449263278762908,0.1384342409330714,0.0677991123361804,0.1625247857863802,0.4207068206160403,0.3447412036332583
Toyama,8,0,random,disklavier,RANDOM_P08_D0,0.0739938308363188,0.3473042375266607,0.2055013517418834,-0.0852265985657349,0.1749554841236826,-0.0321747290360042,0.1494508323081018,-0.3938994600518812,0.4889229873894725
Toyama,8,1,random,disklavier,RANDOM_P08_D1,0.083036811151231,0.4066844827453189,0.1498092545625798,0.0557554890749394,0.1128630680104391,0.0943221068086785,0.1470863482986748,-0.5774289259648927,0.5703249775069639
Toyama,8,2,random,disklavier,RANDOM_P08_D2,0.1655786360728978,0.167400822405835,0.1787462898587122,-0.0398059253315308,0.1235891243903429,0.1343047062581702,0.1671068472438302,0.4422817331591116,0.3063837670643571
Toyama,9,0,random,disklavier,RANDOM_P09_D0,0.0896223336753715,0.448723588789682,0.1513637428122252,0.0364129289600796,0.0714778708701794,0.1637095293823642,0.1422845538041843,0.3037814483876236,0.5553693314936163
Toyama,9,1,random,disklavier,RANDOM_P09_D1,0.0830487098288548,0.270365129131726,0.1572140604229358,0.1028742794032008,0.1279297835037627,0.0299999759077671,0.1589683689225291,-0.1806621250934752,0.5546413058017513
Toyama,9,2,random,disklavier,RANDOM_P09_D2,0.1316690703220019,0.1506191329738395,0.1441173805446699,0.0788439865853644,0.1789647054809396,0.0408381940551703,0.1946040317502985,0.6397320959123663,0.2466015918413019
Toyama,10,0,random,disklavier,RANDOM_P10_D0,0.1124828626713753,0.3799502947066009,0.235175247476634,0.0605944400078707,0.1411359979208954,-0.0138014373555424,0.1556310214431925,-0.3461337383834079,0.4678698517302715
Toyama,10,1,random,disklavier,RANDOM_P10_D1,0.1655294086499169,0.2399959281698655,0.0809770486719819,0.0539808635653382,0.1251588738932879,0.0320346566616103,0.1604924482792533,-0.4852856765762809,0.2492452683604539
Toyama,10,2,random,disklavier,RANDOM_P10_D2,0.153126301563448,0.1413033322788077,0.0790090486958497,0.0553105779055723,0.1736906603012305,0.0184171901588103,0.1108328726785437,0.427072494610484,0.2640690319585848
Toyama,11,0,random,disklavier,RANDOM_P11_D0,0.0603237856268123,0.264615027162831,0.1057895896704913,-0.0298029747927714,0.0992861584600968,-0.0811130266493744,0.1343063545689265,-0.3112061196535126,0.1094128798618403
Toyama,11,1,random,disklavier,RANDOM_P11_D1,0.1579874234513174,0.17631325949399,0.1236552717608515,0.1488904909433498,0.1233617891673693,0.2155437192172104,0.1518708137110488,-0.5461631599076654,0.3159912380215698
Toyama,11,2,random,disklavier,RANDOM_P11_D2,0.1609464645964063,0.0939955301623726,0.0476889014892108,-0.071019601666026,0.1447062078915481,-0.0101997240472915,0.1233051370816727,-0.0343143747644959,0.2940355808186123
Toyama,12,0,random,disklavier,RANDOM_P12_D0,0.0559694171923879,0.3335546124069169,0.0571945550736889,0.1175596432190168,0.0913232982000436,0.2093400367403613,0.1515074879262683,0.3483116711584353,0.4656826925390099
Toyama,12,1,random,disklavier,RANDOM_P12_D1,0.1033995355022486,0.1064652048501406,0.1196694687816786,0.0025051842493279,0.1105148205494353,0.0562142717850713,0.1456220116294043,-0.5525422254133269,0.2450791527724224
Toyama,12,2,random,disklavier,RANDOM_P12_D2,0.1563655561366374,0.1245883155982665,0.0576937403822122,-0.007785178181165,0.1137767036901518,0.0646342330020954,0.1250289214925658,-0.1033877887462413,0.1654066102531771
Toyama,13,0,random,disklavier,RANDOM_P13_D0,0.071336430672994,0.2326113172552419,0.0753145022692327,-0.0007582208775437,0.0645428899777512,0.0978633066588307,0.2009409051559675,0.4566952752977084,0.3286701653284776
Toyama,13,1,random,disklavier,RANDOM_P13_D1,0.1422022758429211,0.099977708411235,0.1684549807380328,0.1559910930994742,0.1074762275072213,0.1450685706250274,0.1124684572842992,-0.3834532583934315,0.2510578141767381
Toyama,13,2,random,disklavier,RANDOM_P13_D2,0.1246022679975477,0.1189040807522266,0.042276170930077,-0.0693373680929299,0.1126388220901499,0.1293630377495437,0.1727338615587059,-0.3075697566656624,0.1570140803380375
Toyama,14,0,random,disklavier,RANDOM_P14_D0,0.0873649609253626,0.3502084827612675,0.1451872161383864,0.0335545028032271,0.0911454596722421,0.1020159390450919,0.18527347351381,0.4370446118557384,0.6234491059472235
Toyama,14,1,random,disklavier,RANDOM_P14_D1,0.0892170997635802,0.0975223905802035,0.0777689169073052,0.0341461066075874,0.1337372299398358,0.1086536294527764,0.1334304229614955,-0.1044503313302925,0.2170835258157585
Toyama,14,2,random,disklavier,RANDOM_P14_D2,0.1550739359767891,0.1858670535828029,0.0658412003601013,0.0184254041296048,0.1041732461686726,0.0701043975810217,0.1641752175776137,0.245208177687854,0.1327585663556309
Toyama,15,0,random,disklavier,RANDOM_P15_D0,0.1310982548293983,0.2685663930329833,0.1435364519436201,0.0147523501825214,0.09768236784912,-0.0099785198233634,0.1175018032150861,-0.2539531500524676,0.6421113826948311
Toyama,15,1,random,disklavier,RANDOM_P15_D1,0.1273181840766599,0.1137683444810052,0.1158527091858263,0.1621514598138276,0.1759652170940266,0.0160562051872386,0.1144830433914389,-0.2033832132892554,0.0466175167280547
Toyama,15,2,random,disklavier,RANDOM_P15_D2,0.1614454920803859,0.1523393475750602,0.0942826123975789,-0.0673979437574641,0.1440424799814929,0.1285907122787956,0.1450678551896544,-0.0078774007566932,0.144323997824111
Toyama,16,0,random,disklavier,RANDOM_P16_D0,0.1332271350069593,0.2019103977907136,0.1083494601301755,-0.15462047335509,0.086363356307536,0.0676887596970557,0.0932748442134355,-0.2488219071570732,-0.1100294593912016
Toyama,16,1,random,disklavier,RANDOM_P16_D1,0.1140931993749825,0.2501656543444727,0.0738445184652962,0.1243627872531151,0.140688695270838,0.1435163460842236,0.1587059639966827,0.1703570277250799,0.0773101844092978
Toyama,16,2,random,disklavier,RANDOM_P16_D2,0.160203916074195,0.1263547449393729,0.1308082892787201,-0.0392698497047343,0.1907320363719372,0.0499568080490357,0.1268936529385491,0.1923445534439456,0.1750995445222822
Toyama,17,0,random,disklavier,RANDOM_P17_D0,0.1332048472296928,0.2111468227046874,0.091582427736139,-0.0260489156026107,0.1090428379119404,-0.1294330612402784,0.1383249243443127,0.1013906103385593,0.4197341030986595
Toyama,17,1,random,disklavier,RANDOM_P17_D1,0.1383822810671629,0.2062320845948264,0.0736802487660146,0.0718562636064037,0.2000378271058064,0.1181128072997717,0.1485337026406885,-0.1735620994820629,0.1528653920492275
Toyama,17,2,random,disklavier,RANDOM_P17_D2,0.1622496631212825,0.1722854955515565,0.0647176726539127,0.0394295547377391,0.1675265824871058,0.097908880607208,0.1577446432724028,-0.2960942221893681,0.0553997998516141
Toyama,18,0,random,disklavier,RANDOM_P18_D0,0.1980053034425593,0.250969105051775,0.1914936353706788,-0.0583163548215028,0.1129945386288477,0.0422122815728761,0.1723229803619148,-0.2267129595700432,0.6942717897129591
Toyama,18,1,random,disklavier,RANDOM_P18_D1,0.0857856773823656,0.1484318258300666,0.0748953836279861,0.0769886118647571,0.1626935326060961,0.006462564508714,0.1312769480252718,0.4125300003988191,0.1290690441133732
Toyama,18,2,random,disklavier,RANDOM_P18_D2,0.1738501005829611,0.1959762101496107,0.0855773091561769,0.0498749490727529,0.1356605118773084,-0.0381813705613187,0.1741236899982375,0.4164389475536487,0.1937697999267386
Toyama,19,0,random,disklavier,RANDOM_P19_D0,0.147507765409674,0.2009510641507517,0.0974941853247676,0.0533419644617531,0.1464659531846629,0.0325491492746122,0.1354922240370214,-0.3173468848204892,-0.0187900288606275
Toyama,19,1,random,disklavier,RANDOM_P19_D1,0.0930526552975904,0.0618280978441036,0.0452620986147583,0.1329292405346225,0.1087732325197124,0.0547253317470946,0.0055666380425051,-0.0478740906112446,0.1124400374636121
Toyama,19,2,random,disklavier,RANDOM_P19_D2,0.1528760872428591,0.1619549226665681,0.068862545548884,0.0942372285383898,0.1701508899300541,0.1099766364688697,0.1317959217543143,0.2384158513519994,0.0072352626558221
Toyama,20,0,random,disklavier,RANDOM_P20_D0,0.1636559516225963,0.1876771810972303,0.1517379319134974,-0.0014229005261408,0.1524136358160569,-0.0060803219728641,0.1082725092799694,-0.1914700141654527,0.2235591883560022
Toyama,20,1,random,disklavier,RANDOM_P20_D1,0.1189581833533868,0.1564900972056228,0.077659282505892,0.0952087939134149,0.2661636399856076,0.0605573698873022,0.1391990009376059,-0.3388799233936596,0.2337743550903454
Toyama,20,2,random,disklavier,RANDOM_P20_D2,0.2537863454143417,0.1637906878138408,0.1599421600640719,0.0316323353160313,0.2516789842950342,0.0306704136942892,0.1156950682592173,-0.0349410691731954,0.0456289609032535
Toyama,21,0,random,disklavier,RANDOM_P21_D0,0.1536048286850354,0.1635838493050742,0.1154758449645584,0.0103772197191424,0.1349292635962299,-0.0588673029693714,0.108101595418953,-0.24301869589141,0.6211015530700729
Toyama,21,1,random,disklavier,RANDOM_P21_D1,0.1979329315185039,0.1244204384767518,0.1134852389131393,0.0591399630632086,0.261300947421371,-0.0346358184917597,0.1384945135849771,-0.2729442730448541,0.0745759808784981
Toyama,21,2,random,disklavier,RANDOM_P21_D2,0.2392352823898995,0.1860363016819901,0.1556820322708409,0.0775486222244078,0.2259461397550336,0.0653092046342921,0.0977383610507648,0.0085910819909518,0.027008387434508
Toyama,22,0,random,disklavier,RANDOM_P22_D0,0.1461603836916278,0.168893090032404,0.1125650540627174,0.0449163408565172,0.1468967460322382,-0.0722959711645585,0.1240267123932542,0.2232853732512447,0.3137365488248493
Toyama,22,1,random,disklavier,RANDOM_P22_D1,0.1248583860827182,0.1698768935163405,0.0591371025217303,0.051226945138761,0.2593604237888022,0.1310162217616348,0.120669202030052,-0.3348594976736265,0.1302716580159836
Toyama,22,2,random,disklavier,RANDOM_P22_D2,0.2185332652829183,0.1601012446594222,0.1037548540302764,0.0513345380367823,0.2425762557450222,-0.0567843205203561,0.135029292967124,0.0303543013376523,0.1484121651078538
Toyama,23,0,random,disklavier,RANDOM_P23_D0,0.1548223483497253,0.1731432739449385,0.0751128937126615,-0.0461981909472321,0.1445700480477811,0.0206531362519353,0.1251718385522368,-0.100402690635969,0.2817310697887504
Toyama,23,1,random,disklavier,RANDOM_P23_D1,0.1206099437318465,0.1327569201770308,0.0375532922736286,0.0593434106977055,0.2376883491165269,0.0395082740339062,0.1265848929801241,-0.251356932404216,0.211839642472405
Toyama,23,2,random,disklavier,RANDOM_P23_D2,0.1816427808104851,0.1702710952809678,0.0737531630945789,0.1867713385890479,0.2263167555944427,0.1648365474989242,0.1522762679630442,0.0292194156722091,0.1069809603445745
Toyama,24,0,random,disklavier,RANDOM_P24_D0,0.1427385628051673,0.245108958435182,0.0865072793051007,0.0152848807458536,0.1209768414301314,0.1169449222902022,0.1028270401288891,-0.1937875075163012,-0.165371441135541
Toyama,24,1,random,disklavier,RANDOM_P24_D1,0.1355371557545409,0.0766017457495675,0.0661129947379511,0.0912717138674467,0.2385342237277115,0.0702327743785724,0.0801751328808474,0.1706958063843022,0.1752616795289594
Toyama,24,2,random,disklavier,RANDOM_P24_D2,0.1949151424942478,0.1737809440424858,0.117895201866391,0.0469758168533781,0.2303769615777558,0.0164110258858919,0.1588456343663651,-0.0940240537941201,0.1413303712965853
Edwards,1,0,random,disklavier,RANDOM_P01_D0,-0.2774772977667444,,,0.0812020829041035,,0.7130138494915157,0.2640099790944658,0.7724893940904166,-0.0105316398800353
Edwards,1,1,random,disklavier,RANDOM_P01_D1,0.0951039099545664,,,0.2833461298411652,,0.6265941206290093,0.1302412923341939,0.6530035185827598,0.131806858920671
Edwards,1,2,random,disklavier,RANDOM_P01_D2,0.5262611922655323,,,0.1226064008708837,0.1891403790762196,0.3101751224384006,-0.019992801862483,0.2651758845379002,0.0911862016628576
Edwards,2,0,random,disklavier,RANDOM_P02_D0,0.0530007984280464,0.2858590976988573,0.1355034674978897,0.0723367870530462,,0.3255128415148338,0.165915778580494,0.425827692603618,0.4062921120130955
Edwards,2,1,random,disklavier,RANDOM_P02_D1,0.2179434000834497,0.3747308307652744,0.3733168982469944,0.2201337560737376,0.2201090204828712,0.4552852929794905,0.0696022107465104,0.473767336905149,0.0547093089881908
Edwards,2,2,random,disklavier,RANDOM_P02_D2,0.5534900887884739,0.8183173754598049,0.6072822184855462,0.2960893328737494,0.2119539346552859,0.0136478210357698,0.0832825398085881,0.3506605432641516,0.0568223533153531
Edwards,3,0,random,disklavier,RANDOM_P03_D0,0.0676863473899895,0.4442926150174591,0.0945928926370393,0.2807016143664066,0.1533059929245616,-0.0564895474913705,0.1621141238416851,-0.085765134720836,0.1641460370631989
Edwards,3,1,random,disklavier,RANDOM_P03_D1,0.0403160628442216,0.4965358431000873,0.1620326195440718,0.0331082995782465,0.0625126490063104,-0.0540216283243182,0.0924854966395121,0.0689344894466073,0.3289972770687209
Edwards,3,2,random,disklavier,RANDOM_P03_D2,-0.0085501324315686,0.7935284065563997,0.0915948644739547,0.2258289629644826,0.2046749075646748,0.179544820300526,0.1166837144365352,0.4758963379476081,0.252667004290024
Edwards,4,0,random,disklavier,RANDOM_P04_D0,-0.005926891410632,0.5346285551778774,0.0919365886645715,0.1228457905248397,0.0012635620297405,0.0907999909002428,0.1191584453756025,-0.388756721954809,0.6948897561436729
Edwards,4,1,random,disklavier,RANDOM_P04_D1,0.0735138523474895,0.2842868432109785,0.1007306253681885,-0.0884212336878934,-0.0190463362026347,0.2551401835844518,0.0983442914561924,0.5947784622823015,0.3482793811493319
Edwards,4,2,random,disklavier,RANDOM_P04_D2,0.0986194009421832,0.4164995191479478,0.1130725479613011,-0.0794983105342254,0.1109820124846651,0.2466314541461826,0.1475504341545227,0.361160153600041,0.1550493046831332
Edwards,5,0,random,disklavier,RANDOM_P05_D0,0.2064396598611403,0.0446420854314953,0.2194540727789726,0.0667402336296241,0.1381645284859753,0.0416995976326685,0.0925644645095138,-0.1057270523782255,0.1340106196961399
Edwards,5,1,random,disklavier,RANDOM_P05_D1,-0.0291030457575426,0.077906975587208,0.0741930896296723,-0.1747212739626561,0.1117737379251786,-0.0372557974424313,0.0908179492140008,-0.2465871325897159,0.5754230999592487
Edwards,5,2,random,disklavier,RANDOM_P05_D2,0.2821378037485988,0.4532677454079284,0.2870793763000093,-0.0218953552988471,0.2080120974165661,0.4939047402598716,0.1535104571895751,0.6547768933221557,0.0659228700595494
Edwards,6,0,random,disklavier,RANDOM_P06_D0,0.0933445818784925,0.41209102220095,0.1917840849936334,0.1166799646310236,0.1326108326646613,-0.1265802441229499,0.1024855653377404,-0.3576281127263596,0.6717926520475522
Edwards,6,1,random,disklavier,RANDOM_P06_D1,0.0194877680604178,0.223667871823556,0.1317445536984703,-0.0385440846090873,-0.0080512604811536,-0.0267639240573102,0.1141354845437871,0.0739897756942664,0.6618659077395945
Edwards,6,2,random,disklavier,RANDOM_P06_D2,0.1873458774742766,0.2553314231150185,0.1823232999447883,-0.0580134598191308,0.1046763731400995,0.0968664890465993,0.147518074525057,0.5279050315151863,0.0978455214327926
Edwards,7,0,random,disklavier,RANDOM_P07_D0,0.1503578790626339,0.180304932908985,0.1842601917712145,0.0082196950715509,0.1589933910634039,0.0018522632498563,0.1453902857015711,-0.3045340832347734,0.8207526876658621
Edwards,7,1,random,disklavier,RANDOM_P07_D1,0.1085714741613466,0.0686735228330202,0.152610222263185,0.0766455293742895,0.0407367649802138,-0.0135615045087759,0.1377194587907221,-0.1380656733638677,0.661838626257859
Edwards,7,2,random,disklavier,RANDOM_P07_D2,0.213134881947006,0.1979982073112754,0.1798810772826411,-0.0154771411590905,0.1637448932900016,0.0875236553498896,0.1487910794141284,0.2675605541449375,0.270526941713061
Edwards,8,0,random,disklavier,RANDOM_P08_D0,0.1177688471007892,0.1195733984256021,0.1033892871144788,0.0120079435630262,0.1853973958155895,0.0259872041616231,0.1720057165785621,0.2416965862639349,0.0926630489778473
Edwards,8,1,random,disklavier,RANDOM_P08_D1,0.1021898892382398,0.2039431114380581,0.1507328106759147,0.0053745134953933,0.1208082235686743,-0.0857857185342235,0.1753541215949052,-0.433506225723201,0.5826267854559598
Edwards,8,2,random,disklavier,RANDOM_P08_D2,0.153697320153412,0.2974319836924657,0.1491829893460169,-0.0264154759760133,0.1577153524448763,0.0698770904119828,0.1416029927139732,0.5525203907950251,0.2731185694739358
Edwards,9,0,random,disklavier,RANDOM_P09_D0,0.0812179749121347,0.3806434637494225,0.110287695225441,0.0622774682394506,0.1541508090289608,-0.0430461773382417,0.1232851224365687,-0.264551149117073,0.4456151393395111
Edwards,9,1,random,disklavier,RANDOM_P09_D1,0.1057941586626729,0.1758152921388723,0.0703360689907193,-0.0329875351627408,0.1438662184907312,0.0294989146693794,0.1894231420480527,0.1011984941898444,0.3885174715956918
Edwards,9,2,random,disklavier,RANDOM_P09_D2,0.2494798550328619,0.0751046114113473,0.2662626394773432,-0.0748971713360441,0.1670408957043382,0.0727644630692978,0.1399188085845544,0.2535152804681141,0.3171632816162386
Edwards,10,0,random,disklavier,RANDOM_P10_D0,0.1239390502143913,0.223068984674133,0.181688386080778,0.0920046247446711,0.0917201788629459,0.0015956757292972,0.1299169735902514,-0.2959812501808885,0.4451235042227841
Edwards,10,1,random,disklavier,RANDOM_P10_D1,0.1128939727963653,0.1401140465137835,0.0532822895384233,-0.1362956087079958,0.0751963058669093,0.043427010391141,0.1462993672344875,-0.2784364161519266,0.3020786009797573
Edwards,10,2,random,disklavier,RANDOM_P10_D2,0.1466082998291006,0.2580854253516481,0.0973880490906216,-0.0444640226565833,0.1769875838017513,-0.010217516714343,0.1890800772056735,0.5399385953566322,0.2213029782360265
Edwards,11,0,random,disklavier,RANDOM_P11_D0,0.1828544583073935,0.4937993709506471,0.1719468756484911,0.0812243572098248,0.0569461915873273,-0.1210543830327547,0.1467056133573298,-0.2888874812185696,0.3146589194447305
Edwards,11,1,random,disklavier,RANDOM_P11_D1,0.0940865512832902,0.1793014045005625,0.0786145867493579,0.0764060814524373,0.1349338247480256,0.0237906249237413,0.1430990031226484,-0.2610595000377626,0.3654901363704628
Edwards,11,2,random,disklavier,RANDOM_P11_D2,0.1431098935670499,0.1323148072079187,0.0871519070322236,-0.1043585130440535,0.1867210493353189,-0.0572619825601266,0.1523337537850387,-0.1511300658522362,0.2271822153876777
Edwards,12,0,random,disklavier,RANDOM_P12_D0,0.1359706779141603,0.2563239490478233,0.1403279324866095,0.0884412859785538,0.1060288792422295,0.0738386166255724,0.149762245575342,-0.3234437826946393,0.6391819305040509
Edwards,12,1,random,disklavier,RANDOM_P12_D1,0.1270615993508906,0.1092743695575713,0.1849817194869336,0.007294795825409,0.1573489337428348,0.0041233448522216,0.1178814135122081,0.2655226207349143,0.2949667501796385
Edwards,12,2,random,disklavier,RANDOM_P12_D2,0.1451497145033214,0.091032576086934,0.0465570403558189,0.015016769965199,0.1370479287687148,-0.0753499302086038,0.1287173391767754,-0.1103546703967058,0.1628225678106365
Edwards,13,0,random,disklavier,RANDOM_P13_D0,0.1234441944500887,0.2064615040947845,0.0474783457210057,0.0590171469091104,0.0527450966792901,0.0534008861605916,0.1856769093484798,-0.3895462739655021,0.4927532357395042
Edwards,13,1,random,disklavier,RANDOM_P13_D1,0.152344983976262,0.0941782380095122,0.1314294684737846,0.1134022631585686,0.1239730349822658,0.0854110945740384,0.1029874091802883,-0.0562144849822423,0.2586977259026849
Edwards,13,2,random,disklavier,RANDOM_P13_D2,0.1633229148940526,0.1260768000423732,0.0722154205302126,-0.0432971542542202,0.1298338351440463,0.1039178430044237,0.1077003653228978,0.0499085725128779,0.1303958841441894
Edwards,14,0,random,disklavier,RANDOM_P14_D0,0.1471171208245267,0.2168987520267003,0.0642884509077444,0.1003899567746887,0.0736058019385246,-0.0038500587299415,0.1502487862516258,0.1699156184268651,0.5814217151538649
Edwards,14,1,random,disklavier,RANDOM_P14_D1,0.0750699615716946,0.1918782115887135,0.1172876434335932,0.0611657833119389,0.1684022551743262,0.0046762116877565,0.1505176811523023,0.1585846014396168,0.2391658185125491
Edwards,14,2,random,disklavier,RANDOM_P14_D2,0.175734816106262,0.0684777452667033,0.0854408393382711,-0.0875424544970401,0.1193093612756801,0.1172864730717485,0.1285748734089296,0.2917395494304174,0.1121020433486896
Edwards,15,0,random,disklavier,RANDOM_P15_D0,0.1436983734896905,0.2715349421616839,0.1222777534380322,0.0576677612390011,0.0659131374309824,0.0738924353833863,0.1415522475738685,0.26004211727144,0.6814639706979738
Edwards,15,1,random,disklavier,RANDOM_P15_D1,0.0851186389399588,0.1048770767162517,0.0995424142860284,0.1474810064114121,0.1361750367988123,-0.0099470744930673,0.1222374902656981,-0.0165930690307436,0.0432706362265715
Edwards,15,2,random,disklavier,RANDOM_P15_D2,0.2097401492748022,0.0821746178890718,0.1042071968972058,-0.1510580441345981,0.1643531768586818,0.1922405549214036,0.1297025653007774,-0.2123038728313683,0.0334264778267592
Edwards,16,0,random,disklavier,RANDOM_P16_D0,0.1344943359609846,0.0850988948863647,0.0756148685033809,-0.0409240237945069,0.1152653540334354,0.0795989237394931,0.1635845778918803,0.3899634867842477,-0.3523273428257414
Edwards,16,1,random,disklavier,RANDOM_P16_D1,0.1262028299612285,0.2307582065026876,0.1096858006423924,0.0590843718562104,0.1293771190882429,0.0909706087308751,0.1477473424930425,-0.2148783620279411,0.0716398802253717
Edwards,16,2,random,disklavier,RANDOM_P16_D2,0.1145801159318455,0.1433549654007876,0.0583322867334645,-0.0633588618288818,0.1490291646904949,0.0985018389036015,0.1623446108888137,0.2725774701053534,0.1795567611705913
Edwards,17,0,random,disklavier,RANDOM_P17_D0,0.2370901604845772,0.1789790087676451,0.1436110304569481,-0.0187981069246588,0.1435887078419024,-0.1362357347901154,0.1490840711761616,0.2539773456710827,0.3003055522884125
Edwards,17,1,random,disklavier,RANDOM_P17_D1,0.1453428349458008,0.1640313788854052,0.0786093547217836,0.1472550632576069,0.1813741530546443,0.0638265281580649,0.0769275879568515,0.1222706318337506,0.1888807351130623
Edwards,17,2,random,disklavier,RANDOM_P17_D2,0.1708465139047355,0.1443787868073993,0.0801669047692927,-0.032106776780163,0.1678836791347626,0.222147812721673,0.1282806544883009,0.3678817201279643,0.0518708035972789
Edwards,18,0,random,disklavier,RANDOM_P18_D0,0.1932707927575812,0.1246186799148997,0.1374259756588655,-0.0082495458876764,0.1257573869675424,0.0506430641838664,0.1345402915734057,-0.1702272790451469,0.6048575754820443
Edwards,18,1,random,disklavier,RANDOM_P18_D1,0.1424244687077671,0.1580116032923676,0.1272624981952298,0.0243753506993903,0.1890778980511074,0.0502079049618353,0.1772213628458256,-0.3448786068863573,0.1692561424803479
Edwards,18,2,random,disklavier,RANDOM_P18_D2,0.161200213632897,0.1480488691104632,0.1139581575084168,-0.0372616695170084,0.1330316217271964,-0.1117777441235566,0.1423422256507041,-0.2604241570176862,0.2334348526531354
Edwards,19,0,random,disklavier,RANDOM_P19_D0,0.1610524683850959,0.2409290678168385,0.1874678794222371,0.045877992710467,0.1135744371210634,0.1159598005006073,0.1587693999052582,0.0805997608334416,-0.2213257583227119
Edwards,19,1,random,disklavier,RANDOM_P19_D1,0.118239345512699,0.0986787423162797,0.0196117049079161,0.0663362412875552,0.1269152246581804,0.0696990798314211,0.0015046320522612,-0.094020807711278,0.1230184987974501
Edwards,19,2,random,disklavier,RANDOM_P19_D2,0.1380500128220705,0.1366747500375135,0.110438409760265,0.0089031762870253,0.1432482431723428,0.2030664956955847,0.1436418515524473,0.2833974679125123,0.0707753207591088
Edwards,20,0,random,disklavier,RANDOM_P20_D0,0.2387376464365886,0.1359373522108771,0.1899288673801864,0.1501329915756688,0.25613503364536,0.0065605632970598,0.1119900958782252,-0.2353969778725496,0.0865113368501018
Edwards,20,1,random,disklavier,RANDOM_P20_D1,0.1955020224721537,0.0906848575793575,0.0773246720433405,0.001305796640105,0.2990765869090209,0.1279284331724934,0.1260220105603137,-0.2639866848547433,0.2570688322638726
Edwards,20,2,random,disklavier,RANDOM_P20_D2,0.2204419747396992,0.1087613269781666,0.0803999267162651,0.0525424914098582,0.2471874872343473,0.1074225115162493,0.1330121498588652,-0.3979828338123375,0.124729229638631
Edwards,21,0,random,disklavier,RANDOM_P21_D0,0.2639077269829745,0.1389722814251153,0.1258532854447599,-0.0374798289275903,0.2354116015812903,-0.1523209180527977,0.1112181024417186,-0.176540842470837,0.584223264439711
Edwards,21,1,random,disklavier,RANDOM_P21_D1,0.1833522491643135,0.1508025226233891,0.0781752885921873,-0.0317955243036735,0.2871893949560161,-0.0593745722762585,0.1012739762360501,-0.2772241938133106,0.0849516388693169
Edwards,21,2,random,disklavier,RANDOM_P21_D2,0.2117557031577145,0.1400609183906784,0.0930799421682343,0.1262280893820071,0.2354614914538194,0.1725237842263699,0.1243763859749272,0.0911954606663664,-0.0039501159017081
Edwards,22,0,random,disklavier,RANDOM_P22_D0,0.2384501241655008,0.1326068459542785,0.130204675218824,0.0680941294118313,0.2097482349999149,0.1033047397846025,0.1399916966222533,-0.1684543141902703,-0.0639282921717708
Edwards,22,1,random,disklavier,RANDOM_P22_D1,0.1824604572698408,0.162645304222238,0.0479760499719626,0.0638319743994038,0.3036105658687215,0.1184709752342418,0.1172693890807309,-0.403713510388751,0.124418623979397
Edwards,22,2,random,disklavier,RANDOM_P22_D2,0.2244304907299628,0.0701884327853743,0.0720599784181892,0.0854046290344064,0.2358331403470512,0.0510726806308175,0.170823217549961,0.0934965222190355,0.1847956317059739
Edwards,23,0,random,disklavier,RANDOM_P23_D0,0.1783175641817379,0.1934828909687533,0.135084757078548,0.0885645785330063,0.1817362908375404,0.0421148842137274,0.1173155832581311,0.1945954444227885,0.4327113036482932
Edwards,23,1,random,disklavier,RANDOM_P23_D1,0.130172796405696,0.0882637188801054,0.0215134189366755,-0.0322043330221084,0.2776967155070757,0.1749113042788075,0.131178730690025,0.3476170951528876,0.2516180416254123
Edwards,23,2,random,disklavier,RANDOM_P23_D2,0.1718246405336054,0.0738844590279175,0.0749093763582291,0.1422709050647783,0.2617038655984284,0.1994190967923236,0.1620820629883258,0.0846799160044138,0.0705263312901354
Edwards,24,0,random,disklavier,RANDOM_P24_D0,0.1883075945596883,0.1679704337521887,0.1262045188583652,-0.0045681821729908,0.1587964405031079,0.0714747235826454,0.1239940020673114,-0.2235955591311514,-0.3711875063421282
Edwards,24,1,random,disklavier,RANDOM_P24_D1,0.1467312059137829,0.1246065556955139,0.1066183459300983,0.0569685883300782,0.2732189260508634,0.2285549863658924,0.1077103938807145,0.1536054444462445,0.2299208868626029
Edwards,24,2,random,disklavier,RANDOM_P24_D2,0.176134674011822,0.1043235657346934,0.0935781094135027,0.1196336417017961,0.2349246694920365,0.0737740350877056,0.1518643972877658,-0.4273566907590551,0.1519799800348198
